product_id,name,category_id,price
1,iPhone 1,1,2821.25
2,Galaxy 2,2,4794.39
3,ThinkPad 3,3,1197.68
4,iPad 4,4,2054.98
5,Bravia 5,5,963.04
6,Sony 6,6,3220.37
7,Cherry 7,7,2189.07
8,Logitech 8,8,194.5
9,Dell 9,9,3089.83
10,HP 10,10,1026.76
11,Куртка 11,11,2981.41
12,Платье 12,12,1974.74
13,Кроссовки 13,13,3538.44
14,Часы 14,14,1068.63
15,Рюкзак 15,15,3774.01
16,Роман 16,16,4053.21
17,Учебник 17,17,359.69
18,Монография 18,18,553.67
19,Подписка 19,19,4366.3
20,Альбом 20,20,975.45
21,Диван 21,21,1663.63
22,Люстра 22,22,2314.87
23,Плед 23,23,1348.65
24,Ваза 24,24,4320.05
25,Сервиз 25,25,2662.19
26,Гантели 26,26,3213.59
27,Коврик 27,27,3005.01
28,Велосипед 28,28,3075.98
29,Палатка 29,29,2955.67
30,Удочка 30,30,1772.23
31,Крем 31,31,4235.31
32,Витамины 32,32,3105.95
33,Духи 33,33,4078.0
34,Помада 34,34,3544.64
35,Сыворотка 35,35,1522.35
36,Кофе 36,36,3091.7
37,Сок 37,37,469.52
38,Шоколад 38,38,713.04
39,Перец 39,39,633.42
40,Тушёнка 40,40,1561.63
41,Фильтр 41,41,956.07
42,Шампунь 42,42,3482.51
43,Видеорегистратор 43,43,2578.58
44,Зимняя шина 44,44,2120.28
45,Батарея 45,45,732.44
46,LEGO 46,46,1949.36
47,Монополия 47,47,969.48
48,Кубик Рубика 48,48,3195.73
49,Техник 49,49,3482.49
50,Barbie 50,50,3244.04
51,iPhone 51,1,4999.5
52,Galaxy 52,2,2796.82
53,ThinkPad 53,3,2473.73
54,iPad 54,4,744.47
55,Bravia 55,5,1607.17
56,Sony 56,6,2282.45
57,Cherry 57,7,315.38
58,Logitech 58,8,1827.24
59,Dell 59,9,97.44
60,HP 60,10,725.85
61,Куртка 61,11,4085.32
62,Платье 62,12,4820.95
63,Кроссовки 63,13,2551.92
64,Часы 64,14,2500.1
65,Рюкзак 65,15,3439.25
66,Роман 66,16,2107.37
67,Учебник 67,17,4207.46
68,Монография 68,18,2469.06
69,Подписка 69,19,459.22
70,Альбом 70,20,202.76
71,Диван 71,21,3817.23
72,Люстра 72,22,1495.85
73,Плед 73,23,1410.52
74,Ваза 74,24,2711.16
75,Сервиз 75,25,882.63
76,Гантели 76,26,2313.74
77,Коврик 77,27,3725.47
78,Велосипед 78,28,3841.3
79,Палатка 79,29,2771.14
80,Удочка 80,30,610.39
81,Крем 81,31,615.32
82,Витамины 82,32,3886.81
83,Духи 83,33,4125.25
84,Помада 84,34,1865.97
85,Сыворотка 85,35,4121.92
86,Кофе 86,36,255.97
87,Сок 87,37,3608.95
88,Шоколад 88,38,2754.45
89,Перец 89,39,4949.39
90,Тушёнка 90,40,556.96
91,Фильтр 91,41,4158.85
92,Шампунь 92,42,3769.16
93,Видеорегистратор 93,43,1523.66
94,Зимняя шина 94,44,4996.6
95,Батарея 95,45,2276.18
96,LEGO 96,46,1775.46
97,Монополия 97,47,4092.81
98,Кубик Рубика 98,48,2223.4
99,Техник 99,49,4970.09
100,Barbie 100,50,3889.38
101,iPhone 101,1,1222.88
102,Galaxy 102,2,4062.98
103,ThinkPad 103,3,2960.22
104,iPad 104,4,1785.62
105,Bravia 105,5,3568.23
106,Sony 106,6,3182.21
107,Cherry 107,7,871.61
108,Logitech 108,8,739.21
109,Dell 109,9,1072.77
110,HP 110,10,1074.37
111,Куртка 111,11,343.82
112,Платье 112,12,1786.54
113,Кроссовки 113,13,1441.37
114,Часы 114,14,2716.9
115,Рюкзак 115,15,1652.09
116,Роман 116,16,3535.07
117,Учебник 117,17,1482.2
118,Монография 118,18,1373.35
119,Подписка 119,19,4297.18
120,Альбом 120,20,4928.17
121,Диван 121,21,3412.53
122,Люстра 122,22,521.36
123,Плед 123,23,4815.72
124,Ваза 124,24,3939.17
125,Сервиз 125,25,4597.91
126,Гантели 126,26,4962.81
127,Коврик 127,27,4341.89
128,Велосипед 128,28,678.1
129,Палатка 129,29,4337.09
130,Удочка 130,30,1285.9
131,Крем 131,31,3571.4
132,Витамины 132,32,4150.98
133,Духи 133,33,3819.29
134,Помада 134,34,3397.36
135,Сыворотка 135,35,2472.82
136,Кофе 136,36,2908.26
137,Сок 137,37,1380.15
138,Шоколад 138,38,2100.41
139,Перец 139,39,2287.36
140,Тушёнка 140,40,3186.46
141,Фильтр 141,41,4406.62
142,Шампунь 142,42,510.82
143,Видеорегистратор 143,43,2602.29
144,Зимняя шина 144,44,1427.22
145,Батарея 145,45,4684.86
146,LEGO 146,46,1876.9
147,Монополия 147,47,4753.76
148,Кубик Рубика 148,48,1670.08
149,Техник 149,49,62.24
150,Barbie 150,50,3881.97
151,iPhone 151,1,3676.98
152,Galaxy 152,2,3668.11
153,ThinkPad 153,3,2319.32
154,iPad 154,4,3337.51
155,Bravia 155,5,1823.2
156,Sony 156,6,363.49
157,Cherry 157,7,2695.4
158,Logitech 158,8,1128.26
159,Dell 159,9,2176.73
160,HP 160,10,1098.66
161,Куртка 161,11,1379.26
162,Платье 162,12,4150.3
163,Кроссовки 163,13,1721.89
164,Часы 164,14,2910.77
165,Рюкзак 165,15,2852.4
166,Роман 166,16,2452.42
167,Учебник 167,17,1751.51
168,Монография 168,18,3428.63
169,Подписка 169,19,289.63
170,Альбом 170,20,542.89
171,Диван 171,21,3930.25
172,Люстра 172,22,2324.93
173,Плед 173,23,664.97
174,Ваза 174,24,4295.38
175,Сервиз 175,25,2234.37
176,Гантели 176,26,53.35
177,Коврик 177,27,4792.26
178,Велосипед 178,28,1051.48
179,Палатка 179,29,3458.53
180,Удочка 180,30,702.97
181,Крем 181,31,3267.49
182,Витамины 182,32,836.94
183,Духи 183,33,4666.99
184,Помада 184,34,1406.4
185,Сыворотка 185,35,3290.21
186,Кофе 186,36,1289.43
187,Сок 187,37,1890.63
188,Шоколад 188,38,4523.81
189,Перец 189,39,869.35
190,Тушёнка 190,40,2011.89
191,Фильтр 191,41,1562.27
192,Шампунь 192,42,3512.23
193,Видеорегистратор 193,43,1209.01
194,Зимняя шина 194,44,3294.65
195,Батарея 195,45,3533.31
196,LEGO 196,46,55.38
197,Монополия 197,47,2410.19
198,Кубик Рубика 198,48,706.86
199,Техник 199,49,1169.64
200,Barbie 200,50,3415.91
201,iPhone 201,1,95.97
202,Galaxy 202,2,3493.21
203,ThinkPad 203,3,4094.69
204,iPad 204,4,4941.37
205,Bravia 205,5,2140.45
206,Sony 206,6,704.27
207,Cherry 207,7,400.6
208,Logitech 208,8,1946.2
209,Dell 209,9,3667.28
210,HP 210,10,557.01
211,Куртка 211,11,1601.09
212,Платье 212,12,4410.9
213,Кроссовки 213,13,728.79
214,Часы 214,14,3878.63
215,Рюкзак 215,15,3778.13
216,Роман 216,16,709.07
217,Учебник 217,17,4965.05
218,Монография 218,18,757.12
219,Подписка 219,19,2676.02
220,Альбом 220,20,91.95
221,Диван 221,21,3267.6
222,Люстра 222,22,2228.49
223,Плед 223,23,3626.04
224,Ваза 224,24,3159.0
225,Сервиз 225,25,799.3
226,Гантели 226,26,2087.96
227,Коврик 227,27,3448.5
228,Велосипед 228,28,4306.81
229,Палатка 229,29,479.11
230,Удочка 230,30,547.3
231,Крем 231,31,3774.61
232,Витамины 232,32,2968.39
233,Духи 233,33,1950.96
234,Помада 234,34,4818.08
235,Сыворотка 235,35,1606.79
236,Кофе 236,36,742.16
237,Сок 237,37,1420.99
238,Шоколад 238,38,467.03
239,Перец 239,39,2789.31
240,Тушёнка 240,40,3020.04
241,Фильтр 241,41,3057.59
242,Шампунь 242,42,3905.9
243,Видеорегистратор 243,43,3467.86
244,Зимняя шина 244,44,4247.07
245,Батарея 245,45,3309.11
246,LEGO 246,46,1543.16
247,Монополия 247,47,2612.86
248,Кубик Рубика 248,48,2572.14
249,Техник 249,49,3751.83
250,Barbie 250,50,1512.93
251,iPhone 251,1,320.12
252,Galaxy 252,2,4494.67
253,ThinkPad 253,3,4775.62
254,iPad 254,4,2499.69
255,Bravia 255,5,608.08
256,Sony 256,6,2522.93
257,Cherry 257,7,2989.95
258,Logitech 258,8,2665.02
259,Dell 259,9,4889.6
260,HP 260,10,4935.07
261,Куртка 261,11,4672.93
262,Платье 262,12,703.32
263,Кроссовки 263,13,4311.03
264,Часы 264,14,2863.48
265,Рюкзак 265,15,1858.79
266,Роман 266,16,3430.56
267,Учебник 267,17,3825.49
268,Монография 268,18,4774.54
269,Подписка 269,19,3863.32
270,Альбом 270,20,132.61
271,Диван 271,21,384.29
272,Люстра 272,22,1347.82
273,Плед 273,23,247.14
274,Ваза 274,24,349.32
275,Сервиз 275,25,3956.99
276,Гантели 276,26,2557.72
277,Коврик 277,27,3161.42
278,Велосипед 278,28,2530.19
279,Палатка 279,29,2106.39
280,Удочка 280,30,3523.96
281,Крем 281,31,458.02
282,Витамины 282,32,2706.0
283,Духи 283,33,3099.43
284,Помада 284,34,1423.47
285,Сыворотка 285,35,1584.04
286,Кофе 286,36,2580.96
287,Сок 287,37,1055.83
288,Шоколад 288,38,4049.9
289,Перец 289,39,2705.13
290,Тушёнка 290,40,1984.12
291,Фильтр 291,41,3189.76
292,Шампунь 292,42,4180.91
293,Видеорегистратор 293,43,3421.23
294,Зимняя шина 294,44,377.27
295,Батарея 295,45,3508.45
296,LEGO 296,46,3663.29
297,Монополия 297,47,4240.02
298,Кубик Рубика 298,48,336.63
299,Техник 299,49,476.75
300,Barbie 300,50,2200.69
301,iPhone 301,1,2294.19
302,Galaxy 302,2,3063.72
303,ThinkPad 303,3,1580.99
304,iPad 304,4,3721.38
305,Bravia 305,5,3716.26
306,Sony 306,6,641.24
307,Cherry 307,7,3554.11
308,Logitech 308,8,3522.42
309,Dell 309,9,860.97
310,HP 310,10,4767.43
311,Куртка 311,11,2638.88
312,Платье 312,12,3925.79
313,Кроссовки 313,13,3617.79
314,Часы 314,14,876.47
315,Рюкзак 315,15,678.31
316,Роман 316,16,3916.56
317,Учебник 317,17,1380.38
318,Монография 318,18,4437.75
319,Подписка 319,19,3868.58
320,Альбом 320,20,195.31
321,Диван 321,21,4045.18
322,Люстра 322,22,1396.3
323,Плед 323,23,366.17
324,Ваза 324,24,3576.0
325,Сервиз 325,25,2904.43
326,Гантели 326,26,431.5
327,Коврик 327,27,2303.23
328,Велосипед 328,28,1832.61
329,Палатка 329,29,2523.07
330,Удочка 330,30,2856.09
331,Крем 331,31,1870.05
332,Витамины 332,32,1312.82
333,Духи 333,33,559.38
334,Помада 334,34,2890.87
335,Сыворотка 335,35,3627.75
336,Кофе 336,36,1180.6
337,Сок 337,37,2568.68
338,Шоколад 338,38,267.99
339,Перец 339,39,4321.5
340,Тушёнка 340,40,1260.53
341,Фильтр 341,41,2385.23
342,Шампунь 342,42,1945.75
343,Видеорегистратор 343,43,792.92
344,Зимняя шина 344,44,4659.24
345,Батарея 345,45,4294.55
346,LEGO 346,46,2786.68
347,Монополия 347,47,4574.04
348,Кубик Рубика 348,48,3716.3
349,Техник 349,49,2125.88
350,Barbie 350,50,1642.92
351,iPhone 351,1,2110.47
352,Galaxy 352,2,3615.43
353,ThinkPad 353,3,1392.73
354,iPad 354,4,435.54
355,Bravia 355,5,1895.4
356,Sony 356,6,2535.1
357,Cherry 357,7,4514.61
358,Logitech 358,8,937.75
359,Dell 359,9,4031.47
360,HP 360,10,4908.0
361,Куртка 361,11,4772.69
362,Платье 362,12,391.19
363,Кроссовки 363,13,2352.22
364,Часы 364,14,1447.42
365,Рюкзак 365,15,4231.99
366,Роман 366,16,1670.14
367,Учебник 367,17,2787.8
368,Монография 368,18,89.45
369,Подписка 369,19,1043.32
370,Альбом 370,20,2840.84
371,Диван 371,21,1554.35
372,Люстра 372,22,3132.45
373,Плед 373,23,2346.44
374,Ваза 374,24,2978.87
375,Сервиз 375,25,2492.14
376,Гантели 376,26,3874.44
377,Коврик 377,27,1017.34
378,Велосипед 378,28,4507.19
379,Палатка 379,29,3814.39
380,Удочка 380,30,1263.38
381,Крем 381,31,81.57
382,Витамины 382,32,2079.68
383,Духи 383,33,1203.34
384,Помада 384,34,1764.8
385,Сыворотка 385,35,4205.89
386,Кофе 386,36,4392.13
387,Сок 387,37,4757.4
388,Шоколад 388,38,57.24
389,Перец 389,39,3303.65
390,Тушёнка 390,40,4252.58
391,Фильтр 391,41,3649.71
392,Шампунь 392,42,564.55
393,Видеорегистратор 393,43,2672.58
394,Зимняя шина 394,44,1228.93
395,Батарея 395,45,2485.54
396,LEGO 396,46,346.48
397,Монополия 397,47,4984.95
398,Кубик Рубика 398,48,3572.68
399,Техник 399,49,510.48
400,Barbie 400,50,4610.31
401,iPhone 401,1,4491.57
402,Galaxy 402,2,2622.81
403,ThinkPad 403,3,3519.19
404,iPad 404,4,1893.84
405,Bravia 405,5,4874.05
406,Sony 406,6,470.27
407,Cherry 407,7,523.11
408,Logitech 408,8,710.89
409,Dell 409,9,4108.82
410,HP 410,10,420.41
411,Куртка 411,11,2860.71
412,Платье 412,12,2203.17
413,Кроссовки 413,13,4822.88
414,Часы 414,14,1222.02
415,Рюкзак 415,15,1341.91
416,Роман 416,16,1609.29
417,Учебник 417,17,4014.04
418,Монография 418,18,3518.59
419,Подписка 419,19,3690.0
420,Альбом 420,20,1624.39
421,Диван 421,21,1396.18
422,Люстра 422,22,419.7
423,Плед 423,23,1053.43
424,Ваза 424,24,3910.69
425,Сервиз 425,25,2944.3
426,Гантели 426,26,819.28
427,Коврик 427,27,863.66
428,Велосипед 428,28,2356.97
429,Палатка 429,29,2062.24
430,Удочка 430,30,2702.83
431,Крем 431,31,4824.94
432,Витамины 432,32,1077.8
433,Духи 433,33,1576.12
434,Помада 434,34,1361.79
435,Сыворотка 435,35,643.57
436,Кофе 436,36,830.2
437,Сок 437,37,3445.97
438,Шоколад 438,38,4140.61
439,Перец 439,39,3499.55
440,Тушёнка 440,40,249.63
441,Фильтр 441,41,4187.83
442,Шампунь 442,42,1672.58
443,Видеорегистратор 443,43,501.5
444,Зимняя шина 444,44,1278.68
445,Батарея 445,45,1810.93
446,LEGO 446,46,2591.63
447,Монополия 447,47,3402.06
448,Кубик Рубика 448,48,1337.83
449,Техник 449,49,4953.85
450,Barbie 450,50,203.86
451,iPhone 451,1,2051.74
452,Galaxy 452,2,2288.4
453,ThinkPad 453,3,3752.99
454,iPad 454,4,1286.77
455,Bravia 455,5,2337.11
456,Sony 456,6,4029.29
457,Cherry 457,7,741.98
458,Logitech 458,8,109.19
459,Dell 459,9,4160.34
460,HP 460,10,4913.71
461,Куртка 461,11,697.04
462,Платье 462,12,4127.18
463,Кроссовки 463,13,1892.59
464,Часы 464,14,3169.97
465,Рюкзак 465,15,3241.19
466,Роман 466,16,2932.5
467,Учебник 467,17,1331.16
468,Монография 468,18,4073.1
469,Подписка 469,19,157.91
470,Альбом 470,20,369.14
471,Диван 471,21,4517.36
472,Люстра 472,22,2244.99
473,Плед 473,23,687.52
474,Ваза 474,24,4530.14
475,Сервиз 475,25,4155.31
476,Гантели 476,26,1691.17
477,Коврик 477,27,261.35
478,Велосипед 478,28,2331.92
479,Палатка 479,29,881.55
480,Удочка 480,30,2890.73
481,Крем 481,31,4117.34
482,Витамины 482,32,2005.24
483,Духи 483,33,195.94
484,Помада 484,34,3431.9
485,Сыворотка 485,35,905.4
486,Кофе 486,36,1112.84
487,Сок 487,37,976.4
488,Шоколад 488,38,1435.28
489,Перец 489,39,4422.95
490,Тушёнка 490,40,221.51
491,Фильтр 491,41,3114.92
492,Шампунь 492,42,1266.63
493,Видеорегистратор 493,43,1510.77
494,Зимняя шина 494,44,2089.36
495,Батарея 495,45,2775.91
496,LEGO 496,46,351.85
497,Монополия 497,47,1434.89
498,Кубик Рубика 498,48,729.32
499,Техник 499,49,1037.32
500,Barbie 500,50,4429.03
501,iPhone 501,1,2652.78
502,Galaxy 502,2,3172.23
503,ThinkPad 503,3,4020.73
504,iPad 504,4,3984.49
505,Bravia 505,5,4947.55
506,Sony 506,6,3920.48
507,Cherry 507,7,1827.6
508,Logitech 508,8,2745.36
509,Dell 509,9,2449.16
510,HP 510,10,4567.75
511,Куртка 511,11,2536.85
512,Платье 512,12,1972.49
513,Кроссовки 513,13,940.09
514,Часы 514,14,1628.44
515,Рюкзак 515,15,1134.15
516,Роман 516,16,4484.04
517,Учебник 517,17,3903.76
518,Монография 518,18,340.03
519,Подписка 519,19,4958.08
520,Альбом 520,20,2670.69
521,Диван 521,21,3845.87
522,Люстра 522,22,4998.05
523,Плед 523,23,4871.2
524,Ваза 524,24,545.66
525,Сервиз 525,25,3301.48
526,Гантели 526,26,1369.31
527,Коврик 527,27,4090.61
528,Велосипед 528,28,4590.43
529,Палатка 529,29,326.75
530,Удочка 530,30,4982.14
531,Крем 531,31,1136.09
532,Витамины 532,32,4240.2
533,Духи 533,33,3997.08
534,Помада 534,34,1806.28
535,Сыворотка 535,35,4204.15
536,Кофе 536,36,4233.84
537,Сок 537,37,921.7
538,Шоколад 538,38,2982.97
539,Перец 539,39,4040.74
540,Тушёнка 540,40,3503.25
541,Фильтр 541,41,4574.2
542,Шампунь 542,42,189.62
543,Видеорегистратор 543,43,3517.78
544,Зимняя шина 544,44,4740.42
545,Батарея 545,45,2839.85
546,LEGO 546,46,2837.39
547,Монополия 547,47,981.76
548,Кубик Рубика 548,48,4940.63
549,Техник 549,49,4414.05
550,Barbie 550,50,2486.52
551,iPhone 551,1,1579.81
552,Galaxy 552,2,2477.66
553,ThinkPad 553,3,496.77
554,iPad 554,4,1201.49
555,Bravia 555,5,1133.1
556,Sony 556,6,2655.92
557,Cherry 557,7,53.38
558,Logitech 558,8,4593.59
559,Dell 559,9,1047.25
560,HP 560,10,695.92
561,Куртка 561,11,3598.84
562,Платье 562,12,4597.96
563,Кроссовки 563,13,4229.21
564,Часы 564,14,1651.76
565,Рюкзак 565,15,158.47
566,Роман 566,16,2953.72
567,Учебник 567,17,4590.26
568,Монография 568,18,3883.11
569,Подписка 569,19,4240.08
570,Альбом 570,20,4310.31
571,Диван 571,21,4804.77
572,Люстра 572,22,1899.27
573,Плед 573,23,4712.52
574,Ваза 574,24,2008.2
575,Сервиз 575,25,550.11
576,Гантели 576,26,1543.74
577,Коврик 577,27,725.44
578,Велосипед 578,28,829.64
579,Палатка 579,29,4746.03
580,Удочка 580,30,3969.62
581,Крем 581,31,4805.28
582,Витамины 582,32,3263.44
583,Духи 583,33,912.3
584,Помада 584,34,4845.28
585,Сыворотка 585,35,3483.12
586,Кофе 586,36,4647.78
587,Сок 587,37,3945.61
588,Шоколад 588,38,1155.02
589,Перец 589,39,2965.3
590,Тушёнка 590,40,917.99
591,Фильтр 591,41,1568.77
592,Шампунь 592,42,3458.07
593,Видеорегистратор 593,43,680.37
594,Зимняя шина 594,44,3657.71
595,Батарея 595,45,4746.5
596,LEGO 596,46,4746.06
597,Монополия 597,47,1988.43
598,Кубик Рубика 598,48,4971.7
599,Техник 599,49,4827.66
600,Barbie 600,50,210.29
601,iPhone 601,1,3031.82
602,Galaxy 602,2,4609.14
603,ThinkPad 603,3,4839.28
604,iPad 604,4,1143.43
605,Bravia 605,5,2849.47
606,Sony 606,6,4686.6
607,Cherry 607,7,746.18
608,Logitech 608,8,3739.45
609,Dell 609,9,1228.08
610,HP 610,10,4912.78
611,Куртка 611,11,881.04
612,Платье 612,12,4432.34
613,Кроссовки 613,13,489.19
614,Часы 614,14,3559.38
615,Рюкзак 615,15,3213.56
616,Роман 616,16,4438.93
617,Учебник 617,17,2260.82
618,Монография 618,18,1362.8
619,Подписка 619,19,1285.23
620,Альбом 620,20,385.58
621,Диван 621,21,1320.46
622,Люстра 622,22,584.77
623,Плед 623,23,56.34
624,Ваза 624,24,1960.39
625,Сервиз 625,25,3676.29
626,Гантели 626,26,4847.05
627,Коврик 627,27,4428.53
628,Велосипед 628,28,2490.76
629,Палатка 629,29,1924.63
630,Удочка 630,30,2752.82
631,Крем 631,31,552.07
632,Витамины 632,32,2423.47
633,Духи 633,33,4327.05
634,Помада 634,34,3272.3
635,Сыворотка 635,35,3451.44
636,Кофе 636,36,855.15
637,Сок 637,37,414.86
638,Шоколад 638,38,4236.52
639,Перец 639,39,1509.8
640,Тушёнка 640,40,1627.65
641,Фильтр 641,41,4760.73
642,Шампунь 642,42,417.29
643,Видеорегистратор 643,43,892.02
644,Зимняя шина 644,44,1908.52
645,Батарея 645,45,3673.33
646,LEGO 646,46,2757.88
647,Монополия 647,47,4495.71
648,Кубик Рубика 648,48,510.87
649,Техник 649,49,2990.45
650,Barbie 650,50,3087.54
651,iPhone 651,1,2439.55
652,Galaxy 652,2,203.42
653,ThinkPad 653,3,4715.09
654,iPad 654,4,866.74
655,Bravia 655,5,4454.28
656,Sony 656,6,827.66
657,Cherry 657,7,551.23
658,Logitech 658,8,1067.47
659,Dell 659,9,990.42
660,HP 660,10,3501.12
661,Куртка 661,11,3624.09
662,Платье 662,12,3663.37
663,Кроссовки 663,13,1363.06
664,Часы 664,14,1443.54
665,Рюкзак 665,15,1225.86
666,Роман 666,16,295.7
667,Учебник 667,17,2880.26
668,Монография 668,18,4207.28
669,Подписка 669,19,810.27
670,Альбом 670,20,1836.1
671,Диван 671,21,2166.65
672,Люстра 672,22,1508.02
673,Плед 673,23,3327.0
674,Ваза 674,24,3021.07
675,Сервиз 675,25,1038.39
676,Гантели 676,26,177.39
677,Коврик 677,27,895.62
678,Велосипед 678,28,1494.47
679,Палатка 679,29,455.58
680,Удочка 680,30,4226.66
681,Крем 681,31,1576.35
682,Витамины 682,32,2017.46
683,Духи 683,33,2471.03
684,Помада 684,34,3322.15
685,Сыворотка 685,35,501.13
686,Кофе 686,36,2743.42
687,Сок 687,37,965.16
688,Шоколад 688,38,4433.19
689,Перец 689,39,1878.54
690,Тушёнка 690,40,2256.59
691,Фильтр 691,41,1353.32
692,Шампунь 692,42,2352.04
693,Видеорегистратор 693,43,1169.9
694,Зимняя шина 694,44,1379.38
695,Батарея 695,45,355.11
696,LEGO 696,46,3773.56
697,Монополия 697,47,3353.97
698,Кубик Рубика 698,48,474.25
699,Техник 699,49,1751.77
700,Barbie 700,50,2730.17
701,iPhone 701,1,4854.99
702,Galaxy 702,2,2969.15
703,ThinkPad 703,3,2790.33
704,iPad 704,4,4211.95
705,Bravia 705,5,4101.11
706,Sony 706,6,2122.23
707,Cherry 707,7,2700.8
708,Logitech 708,8,4341.13
709,Dell 709,9,2400.38
710,HP 710,10,4414.19
711,Куртка 711,11,2407.5
712,Платье 712,12,440.83
713,Кроссовки 713,13,4518.75
714,Часы 714,14,3585.81
715,Рюкзак 715,15,2535.4
716,Роман 716,16,4507.25
717,Учебник 717,17,4012.23
718,Монография 718,18,3403.8
719,Подписка 719,19,3120.35
720,Альбом 720,20,645.4
721,Диван 721,21,3798.08
722,Люстра 722,22,905.75
723,Плед 723,23,4922.62
724,Ваза 724,24,4862.22
725,Сервиз 725,25,4051.88
726,Гантели 726,26,674.62
727,Коврик 727,27,2145.71
728,Велосипед 728,28,4941.99
729,Палатка 729,29,2205.2
730,Удочка 730,30,4986.48
731,Крем 731,31,3154.77
732,Витамины 732,32,4178.84
733,Духи 733,33,1326.54
734,Помада 734,34,4558.48
735,Сыворотка 735,35,4575.16
736,Кофе 736,36,381.71
737,Сок 737,37,1971.09
738,Шоколад 738,38,2016.91
739,Перец 739,39,1664.33
740,Тушёнка 740,40,1417.19
741,Фильтр 741,41,2317.88
742,Шампунь 742,42,4373.66
743,Видеорегистратор 743,43,3943.43
744,Зимняя шина 744,44,3134.14
745,Батарея 745,45,2636.68
746,LEGO 746,46,2126.99
747,Монополия 747,47,2101.49
748,Кубик Рубика 748,48,783.59
749,Техник 749,49,2960.27
750,Barbie 750,50,3803.97
751,iPhone 751,1,4701.27
752,Galaxy 752,2,4628.39
753,ThinkPad 753,3,2835.28
754,iPad 754,4,549.9
755,Bravia 755,5,1466.16
756,Sony 756,6,2701.39
757,Cherry 757,7,1752.15
758,Logitech 758,8,2083.91
759,Dell 759,9,1946.07
760,HP 760,10,2453.64
761,Куртка 761,11,3064.36
762,Платье 762,12,235.46
763,Кроссовки 763,13,1413.3
764,Часы 764,14,762.07
765,Рюкзак 765,15,3062.84
766,Роман 766,16,3483.62
767,Учебник 767,17,241.97
768,Монография 768,18,4453.39
769,Подписка 769,19,1690.9
770,Альбом 770,20,1226.02
771,Диван 771,21,3741.46
772,Люстра 772,22,4608.13
773,Плед 773,23,4490.31
774,Ваза 774,24,150.15
775,Сервиз 775,25,4096.06
776,Гантели 776,26,1550.12
777,Коврик 777,27,1437.72
778,Велосипед 778,28,2483.52
779,Палатка 779,29,3496.11
780,Удочка 780,30,536.18
781,Крем 781,31,4351.06
782,Витамины 782,32,715.21
783,Духи 783,33,4872.39
784,Помада 784,34,2243.4
785,Сыворотка 785,35,4137.83
786,Кофе 786,36,1383.63
787,Сок 787,37,2113.03
788,Шоколад 788,38,3245.5
789,Перец 789,39,980.28
790,Тушёнка 790,40,1096.38
791,Фильтр 791,41,4128.65
792,Шампунь 792,42,3717.68
793,Видеорегистратор 793,43,3809.49
794,Зимняя шина 794,44,4342.59
795,Батарея 795,45,4114.04
796,LEGO 796,46,2600.59
797,Монополия 797,47,836.91
798,Кубик Рубика 798,48,1590.06
799,Техник 799,49,2558.64
800,Barbie 800,50,721.47
801,iPhone 801,1,4263.91
802,Galaxy 802,2,4402.7
803,ThinkPad 803,3,193.29
804,iPad 804,4,1004.18
805,Bravia 805,5,4173.0
806,Sony 806,6,4193.03
807,Cherry 807,7,1284.98
808,Logitech 808,8,2309.42
809,Dell 809,9,4594.25
810,HP 810,10,3537.94
811,Куртка 811,11,1406.19
812,Платье 812,12,4126.36
813,Кроссовки 813,13,2550.38
814,Часы 814,14,3195.28
815,Рюкзак 815,15,663.17
816,Роман 816,16,201.29
817,Учебник 817,17,1893.71
818,Монография 818,18,2990.52
819,Подписка 819,19,929.04
820,Альбом 820,20,4358.88
821,Диван 821,21,2955.06
822,Люстра 822,22,1781.31
823,Плед 823,23,859.39
824,Ваза 824,24,4477.74
825,Сервиз 825,25,3757.36
826,Гантели 826,26,3459.81
827,Коврик 827,27,1461.09
828,Велосипед 828,28,1963.5
829,Палатка 829,29,856.39
830,Удочка 830,30,2882.68
831,Крем 831,31,4826.34
832,Витамины 832,32,4292.7
833,Духи 833,33,3254.53
834,Помада 834,34,3404.59
835,Сыворотка 835,35,1381.96
836,Кофе 836,36,2077.06
837,Сок 837,37,149.26
838,Шоколад 838,38,3912.5
839,Перец 839,39,3849.49
840,Тушёнка 840,40,94.05
841,Фильтр 841,41,4562.0
842,Шампунь 842,42,3254.49
843,Видеорегистратор 843,43,3025.65
844,Зимняя шина 844,44,91.9
845,Батарея 845,45,1299.33
846,LEGO 846,46,4035.17
847,Монополия 847,47,1562.03
848,Кубик Рубика 848,48,4836.77
849,Техник 849,49,3231.56
850,Barbie 850,50,2147.84
851,iPhone 851,1,1913.55
852,Galaxy 852,2,1776.11
853,ThinkPad 853,3,1297.39
854,iPad 854,4,2360.16
855,Bravia 855,5,3402.12
856,Sony 856,6,4130.34
857,Cherry 857,7,2015.91
858,Logitech 858,8,556.44
859,Dell 859,9,2581.99
860,HP 860,10,3328.66
861,Куртка 861,11,4224.26
862,Платье 862,12,1902.44
863,Кроссовки 863,13,3254.34
864,Часы 864,14,3064.8
865,Рюкзак 865,15,1527.46
866,Роман 866,16,585.12
867,Учебник 867,17,365.99
868,Монография 868,18,4942.39
869,Подписка 869,19,3220.94
870,Альбом 870,20,4314.38
871,Диван 871,21,1342.68
872,Люстра 872,22,3569.91
873,Плед 873,23,4467.25
874,Ваза 874,24,1529.02
875,Сервиз 875,25,792.15
876,Гантели 876,26,3839.1
877,Коврик 877,27,4503.45
878,Велосипед 878,28,4036.88
879,Палатка 879,29,4021.7
880,Удочка 880,30,3020.16
881,Крем 881,31,3319.63
882,Витамины 882,32,3419.74
883,Духи 883,33,3620.35
884,Помада 884,34,3294.23
885,Сыворотка 885,35,4987.47
886,Кофе 886,36,1334.16
887,Сок 887,37,2121.9
888,Шоколад 888,38,1971.96
889,Перец 889,39,224.83
890,Тушёнка 890,40,3554.94
891,Фильтр 891,41,2881.61
892,Шампунь 892,42,990.08
893,Видеорегистратор 893,43,3646.42
894,Зимняя шина 894,44,1150.7
895,Батарея 895,45,2696.44
896,LEGO 896,46,3935.24
897,Монополия 897,47,4537.31
898,Кубик Рубика 898,48,3375.75
899,Техник 899,49,2561.21
900,Barbie 900,50,4234.83
901,iPhone 901,1,4211.16
902,Galaxy 902,2,4388.65
903,ThinkPad 903,3,946.62
904,iPad 904,4,533.14
905,Bravia 905,5,683.32
906,Sony 906,6,1330.33
907,Cherry 907,7,4051.3
908,Logitech 908,8,3826.45
909,Dell 909,9,956.19
910,HP 910,10,3414.58
911,Куртка 911,11,1711.38
912,Платье 912,12,492.03
913,Кроссовки 913,13,1808.65
914,Часы 914,14,3733.84
915,Рюкзак 915,15,1570.07
916,Роман 916,16,3951.05
917,Учебник 917,17,1690.02
918,Монография 918,18,1339.77
919,Подписка 919,19,1505.55
920,Альбом 920,20,4263.51
921,Диван 921,21,2379.16
922,Люстра 922,22,4338.65
923,Плед 923,23,2938.69
924,Ваза 924,24,4724.29
925,Сервиз 925,25,402.52
926,Гантели 926,26,4452.66
927,Коврик 927,27,2527.36
928,Велосипед 928,28,4344.11
929,Палатка 929,29,1939.26
930,Удочка 930,30,1526.86
931,Крем 931,31,317.61
932,Витамины 932,32,4278.49
933,Духи 933,33,729.96
934,Помада 934,34,1041.47
935,Сыворотка 935,35,2075.5
936,Кофе 936,36,2868.55
937,Сок 937,37,4537.77
938,Шоколад 938,38,2314.98
939,Перец 939,39,1616.1
940,Тушёнка 940,40,3592.56
941,Фильтр 941,41,3905.76
942,Шампунь 942,42,2463.53
943,Видеорегистратор 943,43,3173.61
944,Зимняя шина 944,44,925.28
945,Батарея 945,45,3190.77
946,LEGO 946,46,73.33
947,Монополия 947,47,1403.96
948,Кубик Рубика 948,48,3817.91
949,Техник 949,49,884.6
950,Barbie 950,50,3834.19
951,iPhone 951,1,2473.41
952,Galaxy 952,2,3829.67
953,ThinkPad 953,3,485.8
954,iPad 954,4,3091.67
955,Bravia 955,5,3185.76
956,Sony 956,6,2046.8
957,Cherry 957,7,4828.37
958,Logitech 958,8,1947.42
959,Dell 959,9,236.74
960,HP 960,10,1037.1
961,Куртка 961,11,1896.85
962,Платье 962,12,119.68
963,Кроссовки 963,13,1644.96
964,Часы 964,14,4174.48
965,Рюкзак 965,15,993.35
966,Роман 966,16,3399.9
967,Учебник 967,17,3152.1
968,Монография 968,18,1281.67
969,Подписка 969,19,3482.95
970,Альбом 970,20,1754.53
971,Диван 971,21,688.21
972,Люстра 972,22,1948.57
973,Плед 973,23,2963.92
974,Ваза 974,24,876.75
975,Сервиз 975,25,4128.03
976,Гантели 976,26,1526.1
977,Коврик 977,27,1489.6
978,Велосипед 978,28,3652.77
979,Палатка 979,29,3002.03
980,Удочка 980,30,1722.28
981,Крем 981,31,4445.47
982,Витамины 982,32,4977.59
983,Духи 983,33,1746.53
984,Помада 984,34,4511.85
985,Сыворотка 985,35,1828.29
986,Кофе 986,36,982.71
987,Сок 987,37,4743.02
988,Шоколад 988,38,4595.12
989,Перец 989,39,2046.79
990,Тушёнка 990,40,1180.67
991,Фильтр 991,41,3649.49
992,Шампунь 992,42,699.47
993,Видеорегистратор 993,43,3683.68
994,Зимняя шина 994,44,2968.98
995,Батарея 995,45,886.47
996,LEGO 996,46,1864.63
997,Монополия 997,47,3270.17
998,Кубик Рубика 998,48,234.95
999,Техник 999,49,4388.89
1000,Barbie 1000,50,1316.16
1001,iPhone 1001,1,2696.93
1002,Galaxy 1002,2,290.51
1003,ThinkPad 1003,3,4973.67
1004,iPad 1004,4,3326.75
1005,Bravia 1005,5,3285.16
1006,Sony 1006,6,147.72
1007,Cherry 1007,7,3464.26
1008,Logitech 1008,8,2113.04
1009,Dell 1009,9,1932.26
1010,HP 1010,10,2759.05
1011,Куртка 1011,11,2398.26
1012,Платье 1012,12,807.98
1013,Кроссовки 1013,13,3491.2
1014,Часы 1014,14,3170.04
1015,Рюкзак 1015,15,1540.53
1016,Роман 1016,16,3325.24
1017,Учебник 1017,17,3329.29
1018,Монография 1018,18,1386.39
1019,Подписка 1019,19,3047.89
1020,Альбом 1020,20,728.96
1021,Диван 1021,21,4161.73
1022,Люстра 1022,22,569.33
1023,Плед 1023,23,3607.89
1024,Ваза 1024,24,632.79
1025,Сервиз 1025,25,614.36
1026,Гантели 1026,26,576.01
1027,Коврик 1027,27,1033.3
1028,Велосипед 1028,28,1038.76
1029,Палатка 1029,29,1351.82
1030,Удочка 1030,30,2639.57
1031,Крем 1031,31,1048.28
1032,Витамины 1032,32,3532.01
1033,Духи 1033,33,1511.99
1034,Помада 1034,34,245.06
1035,Сыворотка 1035,35,2506.96
1036,Кофе 1036,36,1078.09
1037,Сок 1037,37,4668.97
1038,Шоколад 1038,38,1686.49
1039,Перец 1039,39,63.55
1040,Тушёнка 1040,40,3374.58
1041,Фильтр 1041,41,4539.06
1042,Шампунь 1042,42,4184.4
1043,Видеорегистратор 1043,43,3361.66
1044,Зимняя шина 1044,44,788.27
1045,Батарея 1045,45,495.91
1046,LEGO 1046,46,2582.94
1047,Монополия 1047,47,3631.64
1048,Кубик Рубика 1048,48,551.39
1049,Техник 1049,49,1316.67
1050,Barbie 1050,50,1194.24
1051,iPhone 1051,1,4943.9
1052,Galaxy 1052,2,1515.31
1053,ThinkPad 1053,3,2348.17
1054,iPad 1054,4,544.05
1055,Bravia 1055,5,914.77
1056,Sony 1056,6,245.25
1057,Cherry 1057,7,1488.31
1058,Logitech 1058,8,4017.9
1059,Dell 1059,9,1597.9
1060,HP 1060,10,3705.77
1061,Куртка 1061,11,520.24
1062,Платье 1062,12,3803.11
1063,Кроссовки 1063,13,277.15
1064,Часы 1064,14,4267.39
1065,Рюкзак 1065,15,3333.61
1066,Роман 1066,16,894.04
1067,Учебник 1067,17,1819.76
1068,Монография 1068,18,2216.69
1069,Подписка 1069,19,3127.94
1070,Альбом 1070,20,4398.45
1071,Диван 1071,21,510.11
1072,Люстра 1072,22,4084.07
1073,Плед 1073,23,955.2
1074,Ваза 1074,24,2033.85
1075,Сервиз 1075,25,4813.43
1076,Гантели 1076,26,1395.57
1077,Коврик 1077,27,1959.29
1078,Велосипед 1078,28,4260.82
1079,Палатка 1079,29,4009.5
1080,Удочка 1080,30,3261.79
1081,Крем 1081,31,3994.7
1082,Витамины 1082,32,609.63
1083,Духи 1083,33,3496.04
1084,Помада 1084,34,340.3
1085,Сыворотка 1085,35,4715.21
1086,Кофе 1086,36,839.01
1087,Сок 1087,37,2109.34
1088,Шоколад 1088,38,2974.21
1089,Перец 1089,39,4021.21
1090,Тушёнка 1090,40,3408.05
1091,Фильтр 1091,41,947.24
1092,Шампунь 1092,42,1929.77
1093,Видеорегистратор 1093,43,1825.06
1094,Зимняя шина 1094,44,192.64
1095,Батарея 1095,45,3438.1
1096,LEGO 1096,46,4200.76
1097,Монополия 1097,47,4868.55
1098,Кубик Рубика 1098,48,696.74
1099,Техник 1099,49,4605.97
1100,Barbie 1100,50,609.04
1101,iPhone 1101,1,2085.86
1102,Galaxy 1102,2,277.56
1103,ThinkPad 1103,3,1344.98
1104,iPad 1104,4,1605.48
1105,Bravia 1105,5,3537.61
1106,Sony 1106,6,3405.75
1107,Cherry 1107,7,3849.27
1108,Logitech 1108,8,2904.41
1109,Dell 1109,9,2846.81
1110,HP 1110,10,4890.58
1111,Куртка 1111,11,3365.73
1112,Платье 1112,12,1724.59
1113,Кроссовки 1113,13,2639.36
1114,Часы 1114,14,3517.87
1115,Рюкзак 1115,15,521.45
1116,Роман 1116,16,3325.48
1117,Учебник 1117,17,1280.46
1118,Монография 1118,18,1761.46
1119,Подписка 1119,19,3397.66
1120,Альбом 1120,20,1955.14
1121,Диван 1121,21,4203.21
1122,Люстра 1122,22,2813.8
1123,Плед 1123,23,4939.57
1124,Ваза 1124,24,320.1
1125,Сервиз 1125,25,3234.82
1126,Гантели 1126,26,826.79
1127,Коврик 1127,27,4251.79
1128,Велосипед 1128,28,4266.76
1129,Палатка 1129,29,4353.61
1130,Удочка 1130,30,420.58
1131,Крем 1131,31,2483.66
1132,Витамины 1132,32,1242.41
1133,Духи 1133,33,4852.22
1134,Помада 1134,34,299.24
1135,Сыворотка 1135,35,1152.4
1136,Кофе 1136,36,3234.42
1137,Сок 1137,37,2046.22
1138,Шоколад 1138,38,1213.25
1139,Перец 1139,39,2322.52
1140,Тушёнка 1140,40,4016.24
1141,Фильтр 1141,41,2268.09
1142,Шампунь 1142,42,4290.12
1143,Видеорегистратор 1143,43,2262.99
1144,Зимняя шина 1144,44,637.6
1145,Батарея 1145,45,2512.0
1146,LEGO 1146,46,3284.2
1147,Монополия 1147,47,558.08
1148,Кубик Рубика 1148,48,2091.08
1149,Техник 1149,49,2807.8
1150,Barbie 1150,50,50.84
1151,iPhone 1151,1,499.93
1152,Galaxy 1152,2,3040.81
1153,ThinkPad 1153,3,3114.38
1154,iPad 1154,4,1557.76
1155,Bravia 1155,5,2566.27
1156,Sony 1156,6,1073.91
1157,Cherry 1157,7,3373.8
1158,Logitech 1158,8,4754.26
1159,Dell 1159,9,1848.55
1160,HP 1160,10,318.66
1161,Куртка 1161,11,1153.44
1162,Платье 1162,12,2299.58
1163,Кроссовки 1163,13,2822.75
1164,Часы 1164,14,3117.8
1165,Рюкзак 1165,15,2392.01
1166,Роман 1166,16,3302.98
1167,Учебник 1167,17,3593.77
1168,Монография 1168,18,614.42
1169,Подписка 1169,19,3808.63
1170,Альбом 1170,20,1147.65
1171,Диван 1171,21,1739.72
1172,Люстра 1172,22,4157.93
1173,Плед 1173,23,4823.95
1174,Ваза 1174,24,1495.32
1175,Сервиз 1175,25,2633.83
1176,Гантели 1176,26,3525.38
1177,Коврик 1177,27,276.6
1178,Велосипед 1178,28,862.57
1179,Палатка 1179,29,745.22
1180,Удочка 1180,30,3598.44
1181,Крем 1181,31,3621.72
1182,Витамины 1182,32,579.46
1183,Духи 1183,33,3073.72
1184,Помада 1184,34,978.34
1185,Сыворотка 1185,35,4654.57
1186,Кофе 1186,36,1994.84
1187,Сок 1187,37,2312.38
1188,Шоколад 1188,38,3918.03
1189,Перец 1189,39,3598.1
1190,Тушёнка 1190,40,583.44
1191,Фильтр 1191,41,2101.63
1192,Шампунь 1192,42,4636.8
1193,Видеорегистратор 1193,43,4195.46
1194,Зимняя шина 1194,44,2964.61
1195,Батарея 1195,45,3872.12
1196,LEGO 1196,46,2280.0
1197,Монополия 1197,47,3309.36
1198,Кубик Рубика 1198,48,4783.14
1199,Техник 1199,49,716.45
1200,Barbie 1200,50,2519.2
1201,iPhone 1201,1,2675.3
1202,Galaxy 1202,2,290.43
1203,ThinkPad 1203,3,4679.78
1204,iPad 1204,4,4202.14
1205,Bravia 1205,5,2440.51
1206,Sony 1206,6,2566.25
1207,Cherry 1207,7,4609.75
1208,Logitech 1208,8,927.15
1209,Dell 1209,9,2913.84
1210,HP 1210,10,3665.95
1211,Куртка 1211,11,685.49
1212,Платье 1212,12,1967.66
1213,Кроссовки 1213,13,3022.7
1214,Часы 1214,14,4419.34
1215,Рюкзак 1215,15,2545.35
1216,Роман 1216,16,1954.08
1217,Учебник 1217,17,4898.53
1218,Монография 1218,18,4583.76
1219,Подписка 1219,19,3823.75
1220,Альбом 1220,20,1404.3
1221,Диван 1221,21,4819.79
1222,Люстра 1222,22,4853.93
1223,Плед 1223,23,2291.59
1224,Ваза 1224,24,710.19
1225,Сервиз 1225,25,2093.09
1226,Гантели 1226,26,3515.07
1227,Коврик 1227,27,3754.71
1228,Велосипед 1228,28,1529.62
1229,Палатка 1229,29,3522.4
1230,Удочка 1230,30,4310.5
1231,Крем 1231,31,3573.78
1232,Витамины 1232,32,4680.78
1233,Духи 1233,33,3181.29
1234,Помада 1234,34,1044.4
1235,Сыворотка 1235,35,3139.63
1236,Кофе 1236,36,1488.37
1237,Сок 1237,37,1759.2
1238,Шоколад 1238,38,3378.25
1239,Перец 1239,39,4907.61
1240,Тушёнка 1240,40,3267.93
1241,Фильтр 1241,41,4793.72
1242,Шампунь 1242,42,2544.27
1243,Видеорегистратор 1243,43,3486.84
1244,Зимняя шина 1244,44,1645.79
1245,Батарея 1245,45,621.26
1246,LEGO 1246,46,1793.58
1247,Монополия 1247,47,2427.83
1248,Кубик Рубика 1248,48,2874.66
1249,Техник 1249,49,3352.43
1250,Barbie 1250,50,2116.52
1251,iPhone 1251,1,3751.95
1252,Galaxy 1252,2,4214.88
1253,ThinkPad 1253,3,1465.34
1254,iPad 1254,4,4244.14
1255,Bravia 1255,5,4051.11
1256,Sony 1256,6,2637.51
1257,Cherry 1257,7,175.1
1258,Logitech 1258,8,769.37
1259,Dell 1259,9,3367.76
1260,HP 1260,10,1039.52
1261,Куртка 1261,11,3763.42
1262,Платье 1262,12,846.63
1263,Кроссовки 1263,13,1468.75
1264,Часы 1264,14,1290.28
1265,Рюкзак 1265,15,4204.94
1266,Роман 1266,16,3468.44
1267,Учебник 1267,17,1510.95
1268,Монография 1268,18,3780.29
1269,Подписка 1269,19,209.92
1270,Альбом 1270,20,4079.43
1271,Диван 1271,21,557.28
1272,Люстра 1272,22,4346.78
1273,Плед 1273,23,3710.49
1274,Ваза 1274,24,4330.97
1275,Сервиз 1275,25,3724.94
1276,Гантели 1276,26,2828.29
1277,Коврик 1277,27,1226.1
1278,Велосипед 1278,28,3932.32
1279,Палатка 1279,29,4004.17
1280,Удочка 1280,30,1473.81
1281,Крем 1281,31,3339.24
1282,Витамины 1282,32,4636.1
1283,Духи 1283,33,1968.4
1284,Помада 1284,34,4785.67
1285,Сыворотка 1285,35,4880.32
1286,Кофе 1286,36,1597.64
1287,Сок 1287,37,2783.02
1288,Шоколад 1288,38,114.18
1289,Перец 1289,39,1294.14
1290,Тушёнка 1290,40,3121.78
1291,Фильтр 1291,41,3915.58
1292,Шампунь 1292,42,4357.08
1293,Видеорегистратор 1293,43,4158.42
1294,Зимняя шина 1294,44,4561.86
1295,Батарея 1295,45,3537.91
1296,LEGO 1296,46,3255.78
1297,Монополия 1297,47,3787.78
1298,Кубик Рубика 1298,48,2755.74
1299,Техник 1299,49,3036.77
1300,Barbie 1300,50,3891.93
1301,iPhone 1301,1,4823.23
1302,Galaxy 1302,2,1506.18
1303,ThinkPad 1303,3,928.26
1304,iPad 1304,4,3429.16
1305,Bravia 1305,5,975.53
1306,Sony 1306,6,910.29
1307,Cherry 1307,7,2593.54
1308,Logitech 1308,8,1917.13
1309,Dell 1309,9,2171.11
1310,HP 1310,10,2805.16
1311,Куртка 1311,11,693.83
1312,Платье 1312,12,2940.73
1313,Кроссовки 1313,13,1312.33
1314,Часы 1314,14,1686.29
1315,Рюкзак 1315,15,3562.96
1316,Роман 1316,16,816.29
1317,Учебник 1317,17,810.83
1318,Монография 1318,18,1647.02
1319,Подписка 1319,19,301.73
1320,Альбом 1320,20,4665.29
1321,Диван 1321,21,3097.26
1322,Люстра 1322,22,3326.36
1323,Плед 1323,23,2478.23
1324,Ваза 1324,24,2884.75
1325,Сервиз 1325,25,1822.52
1326,Гантели 1326,26,3930.96
1327,Коврик 1327,27,1623.4
1328,Велосипед 1328,28,1138.81
1329,Палатка 1329,29,960.15
1330,Удочка 1330,30,387.47
1331,Крем 1331,31,2550.44
1332,Витамины 1332,32,2108.86
1333,Духи 1333,33,2708.33
1334,Помада 1334,34,505.13
1335,Сыворотка 1335,35,1144.93
1336,Кофе 1336,36,1106.1
1337,Сок 1337,37,1692.82
1338,Шоколад 1338,38,1835.95
1339,Перец 1339,39,1131.3
1340,Тушёнка 1340,40,3775.65
1341,Фильтр 1341,41,2675.97
1342,Шампунь 1342,42,4983.32
1343,Видеорегистратор 1343,43,4127.26
1344,Зимняя шина 1344,44,4906.61
1345,Батарея 1345,45,93.58
1346,LEGO 1346,46,3361.25
1347,Монополия 1347,47,2256.05
1348,Кубик Рубика 1348,48,4527.26
1349,Техник 1349,49,3087.82
1350,Barbie 1350,50,3124.6
1351,iPhone 1351,1,4796.54
1352,Galaxy 1352,2,3428.63
1353,ThinkPad 1353,3,1638.64
1354,iPad 1354,4,4583.87
1355,Bravia 1355,5,4727.69
1356,Sony 1356,6,1960.09
1357,Cherry 1357,7,2724.17
1358,Logitech 1358,8,1450.0
1359,Dell 1359,9,4561.11
1360,HP 1360,10,4119.44
1361,Куртка 1361,11,1906.04
1362,Платье 1362,12,4023.94
1363,Кроссовки 1363,13,2255.51
1364,Часы 1364,14,267.07
1365,Рюкзак 1365,15,4496.49
1366,Роман 1366,16,1002.94
1367,Учебник 1367,17,2593.78
1368,Монография 1368,18,4743.65
1369,Подписка 1369,19,878.6
1370,Альбом 1370,20,4783.57
1371,Диван 1371,21,2712.98
1372,Люстра 1372,22,86.29
1373,Плед 1373,23,374.09
1374,Ваза 1374,24,3368.16
1375,Сервиз 1375,25,3879.23
1376,Гантели 1376,26,4331.51
1377,Коврик 1377,27,2149.84
1378,Велосипед 1378,28,564.44
1379,Палатка 1379,29,2711.88
1380,Удочка 1380,30,3528.58
1381,Крем 1381,31,4882.31
1382,Витамины 1382,32,3887.27
1383,Духи 1383,33,3250.48
1384,Помада 1384,34,4701.77
1385,Сыворотка 1385,35,3747.11
1386,Кофе 1386,36,811.09
1387,Сок 1387,37,2323.16
1388,Шоколад 1388,38,1691.99
1389,Перец 1389,39,483.23
1390,Тушёнка 1390,40,318.63
1391,Фильтр 1391,41,3981.36
1392,Шампунь 1392,42,2812.52
1393,Видеорегистратор 1393,43,2896.06
1394,Зимняя шина 1394,44,1176.85
1395,Батарея 1395,45,1330.31
1396,LEGO 1396,46,1970.76
1397,Монополия 1397,47,3169.58
1398,Кубик Рубика 1398,48,2193.47
1399,Техник 1399,49,133.61
1400,Barbie 1400,50,3382.83
1401,iPhone 1401,1,2697.43
1402,Galaxy 1402,2,3225.04
1403,ThinkPad 1403,3,3110.83
1404,iPad 1404,4,3792.0
1405,Bravia 1405,5,2948.76
1406,Sony 1406,6,3519.37
1407,Cherry 1407,7,409.32
1408,Logitech 1408,8,4643.84
1409,Dell 1409,9,575.37
1410,HP 1410,10,3945.11
1411,Куртка 1411,11,1541.69
1412,Платье 1412,12,478.2
1413,Кроссовки 1413,13,3838.11
1414,Часы 1414,14,2216.5
1415,Рюкзак 1415,15,2005.81
1416,Роман 1416,16,3320.58
1417,Учебник 1417,17,2396.24
1418,Монография 1418,18,2690.67
1419,Подписка 1419,19,725.09
1420,Альбом 1420,20,1985.41
1421,Диван 1421,21,3997.55
1422,Люстра 1422,22,2751.34
1423,Плед 1423,23,4802.66
1424,Ваза 1424,24,763.17
1425,Сервиз 1425,25,3402.58
1426,Гантели 1426,26,4575.14
1427,Коврик 1427,27,3985.33
1428,Велосипед 1428,28,3660.16
1429,Палатка 1429,29,1897.0
1430,Удочка 1430,30,4749.85
1431,Крем 1431,31,2789.94
1432,Витамины 1432,32,2797.6
1433,Духи 1433,33,660.01
1434,Помада 1434,34,74.9
1435,Сыворотка 1435,35,3003.44
1436,Кофе 1436,36,2708.9
1437,Сок 1437,37,4737.55
1438,Шоколад 1438,38,1558.22
1439,Перец 1439,39,3754.07
1440,Тушёнка 1440,40,4522.55
1441,Фильтр 1441,41,1752.07
1442,Шампунь 1442,42,2092.64
1443,Видеорегистратор 1443,43,3247.36
1444,Зимняя шина 1444,44,2587.14
1445,Батарея 1445,45,846.72
1446,LEGO 1446,46,1142.9
1447,Монополия 1447,47,4182.0
1448,Кубик Рубика 1448,48,1011.91
1449,Техник 1449,49,947.72
1450,Barbie 1450,50,4008.32
1451,iPhone 1451,1,4268.64
1452,Galaxy 1452,2,4264.37
1453,ThinkPad 1453,3,4665.23
1454,iPad 1454,4,4971.85
1455,Bravia 1455,5,2333.26
1456,Sony 1456,6,2770.84
1457,Cherry 1457,7,1488.73
1458,Logitech 1458,8,383.45
1459,Dell 1459,9,536.1
1460,HP 1460,10,3641.67
1461,Куртка 1461,11,2461.59
1462,Платье 1462,12,1687.71
1463,Кроссовки 1463,13,684.66
1464,Часы 1464,14,3294.59
1465,Рюкзак 1465,15,545.22
1466,Роман 1466,16,3116.6
1467,Учебник 1467,17,4505.59
1468,Монография 1468,18,1623.04
1469,Подписка 1469,19,2280.7
1470,Альбом 1470,20,3100.9
1471,Диван 1471,21,1563.09
1472,Люстра 1472,22,2941.64
1473,Плед 1473,23,2849.48
1474,Ваза 1474,24,1854.24
1475,Сервиз 1475,25,1615.85
1476,Гантели 1476,26,2170.12
1477,Коврик 1477,27,73.92
1478,Велосипед 1478,28,1268.57
1479,Палатка 1479,29,1146.55
1480,Удочка 1480,30,3712.09
1481,Крем 1481,31,2208.81
1482,Витамины 1482,32,4208.54
1483,Духи 1483,33,714.81
1484,Помада 1484,34,3678.22
1485,Сыворотка 1485,35,4395.53
1486,Кофе 1486,36,2341.1
1487,Сок 1487,37,1825.77
1488,Шоколад 1488,38,1562.09
1489,Перец 1489,39,2780.78
1490,Тушёнка 1490,40,920.06
1491,Фильтр 1491,41,3052.81
1492,Шампунь 1492,42,4216.88
1493,Видеорегистратор 1493,43,4300.63
1494,Зимняя шина 1494,44,743.01
1495,Батарея 1495,45,2716.16
1496,LEGO 1496,46,1353.01
1497,Монополия 1497,47,4437.36
1498,Кубик Рубика 1498,48,428.49
1499,Техник 1499,49,423.23
1500,Barbie 1500,50,142.22
1501,iPhone 1501,1,2560.53
1502,Galaxy 1502,2,204.41
1503,ThinkPad 1503,3,2930.36
1504,iPad 1504,4,2055.42
1505,Bravia 1505,5,2970.68
1506,Sony 1506,6,4536.2
1507,Cherry 1507,7,2780.39
1508,Logitech 1508,8,2740.17
1509,Dell 1509,9,4993.7
1510,HP 1510,10,2386.91
1511,Куртка 1511,11,3887.23
1512,Платье 1512,12,1860.8
1513,Кроссовки 1513,13,1155.37
1514,Часы 1514,14,3872.12
1515,Рюкзак 1515,15,3679.47
1516,Роман 1516,16,1490.45
1517,Учебник 1517,17,2350.27
1518,Монография 1518,18,2576.54
1519,Подписка 1519,19,2014.09
1520,Альбом 1520,20,2535.73
1521,Диван 1521,21,3330.26
1522,Люстра 1522,22,4247.51
1523,Плед 1523,23,4042.37
1524,Ваза 1524,24,3089.48
1525,Сервиз 1525,25,870.93
1526,Гантели 1526,26,2594.98
1527,Коврик 1527,27,2258.79
1528,Велосипед 1528,28,936.77
1529,Палатка 1529,29,4746.12
1530,Удочка 1530,30,3314.1
1531,Крем 1531,31,4840.29
1532,Витамины 1532,32,3692.8
1533,Духи 1533,33,2443.34
1534,Помада 1534,34,1826.04
1535,Сыворотка 1535,35,1133.15
1536,Кофе 1536,36,2463.83
1537,Сок 1537,37,361.16
1538,Шоколад 1538,38,1878.7
1539,Перец 1539,39,261.9
1540,Тушёнка 1540,40,1073.53
1541,Фильтр 1541,41,4543.24
1542,Шампунь 1542,42,1838.19
1543,Видеорегистратор 1543,43,2374.89
1544,Зимняя шина 1544,44,2300.49
1545,Батарея 1545,45,279.87
1546,LEGO 1546,46,4903.92
1547,Монополия 1547,47,1654.15
1548,Кубик Рубика 1548,48,3533.49
1549,Техник 1549,49,2630.8
1550,Barbie 1550,50,4156.75
1551,iPhone 1551,1,4182.62
1552,Galaxy 1552,2,1353.41
1553,ThinkPad 1553,3,2744.53
1554,iPad 1554,4,910.56
1555,Bravia 1555,5,3285.69
1556,Sony 1556,6,1858.22
1557,Cherry 1557,7,3284.02
1558,Logitech 1558,8,4185.57
1559,Dell 1559,9,2607.48
1560,HP 1560,10,1912.83
1561,Куртка 1561,11,4540.85
1562,Платье 1562,12,2606.04
1563,Кроссовки 1563,13,1796.85
1564,Часы 1564,14,4345.21
1565,Рюкзак 1565,15,2459.96
1566,Роман 1566,16,2436.44
1567,Учебник 1567,17,3040.84
1568,Монография 1568,18,2534.09
1569,Подписка 1569,19,737.89
1570,Альбом 1570,20,869.75
1571,Диван 1571,21,431.59
1572,Люстра 1572,22,3235.21
1573,Плед 1573,23,1097.01
1574,Ваза 1574,24,975.18
1575,Сервиз 1575,25,1843.0
1576,Гантели 1576,26,3600.65
1577,Коврик 1577,27,635.73
1578,Велосипед 1578,28,1190.21
1579,Палатка 1579,29,4065.3
1580,Удочка 1580,30,3615.27
1581,Крем 1581,31,2433.51
1582,Витамины 1582,32,2420.13
1583,Духи 1583,33,1092.98
1584,Помада 1584,34,848.17
1585,Сыворотка 1585,35,4175.16
1586,Кофе 1586,36,161.11
1587,Сок 1587,37,263.56
1588,Шоколад 1588,38,2888.76
1589,Перец 1589,39,847.59
1590,Тушёнка 1590,40,3166.23
1591,Фильтр 1591,41,243.99
1592,Шампунь 1592,42,2882.73
1593,Видеорегистратор 1593,43,326.76
1594,Зимняя шина 1594,44,1328.39
1595,Батарея 1595,45,941.19
1596,LEGO 1596,46,4793.28
1597,Монополия 1597,47,3016.82
1598,Кубик Рубика 1598,48,2839.84
1599,Техник 1599,49,142.17
1600,Barbie 1600,50,3611.76
1601,iPhone 1601,1,3325.64
1602,Galaxy 1602,2,1453.1
1603,ThinkPad 1603,3,474.46
1604,iPad 1604,4,2273.56
1605,Bravia 1605,5,4964.24
1606,Sony 1606,6,4343.15
1607,Cherry 1607,7,894.31
1608,Logitech 1608,8,4160.3
1609,Dell 1609,9,3024.15
1610,HP 1610,10,3983.35
1611,Куртка 1611,11,4111.24
1612,Платье 1612,12,950.33
1613,Кроссовки 1613,13,3315.26
1614,Часы 1614,14,1359.38
1615,Рюкзак 1615,15,3634.72
1616,Роман 1616,16,1746.22
1617,Учебник 1617,17,2294.68
1618,Монография 1618,18,2973.45
1619,Подписка 1619,19,1187.58
1620,Альбом 1620,20,1958.04
1621,Диван 1621,21,587.42
1622,Люстра 1622,22,1051.63
1623,Плед 1623,23,4304.98
1624,Ваза 1624,24,2546.58
1625,Сервиз 1625,25,2127.99
1626,Гантели 1626,26,790.33
1627,Коврик 1627,27,526.68
1628,Велосипед 1628,28,2405.55
1629,Палатка 1629,29,3093.0
1630,Удочка 1630,30,243.23
1631,Крем 1631,31,3930.15
1632,Витамины 1632,32,2541.48
1633,Духи 1633,33,631.71
1634,Помада 1634,34,2437.09
1635,Сыворотка 1635,35,695.13
1636,Кофе 1636,36,3037.2
1637,Сок 1637,37,4146.23
1638,Шоколад 1638,38,4490.0
1639,Перец 1639,39,3885.61
1640,Тушёнка 1640,40,3263.7
1641,Фильтр 1641,41,2634.12
1642,Шампунь 1642,42,1883.37
1643,Видеорегистратор 1643,43,265.02
1644,Зимняя шина 1644,44,2672.59
1645,Батарея 1645,45,1185.96
1646,LEGO 1646,46,4021.39
1647,Монополия 1647,47,3958.3
1648,Кубик Рубика 1648,48,1937.12
1649,Техник 1649,49,2965.79
1650,Barbie 1650,50,3719.9
1651,iPhone 1651,1,3819.62
1652,Galaxy 1652,2,3498.7
1653,ThinkPad 1653,3,533.7
1654,iPad 1654,4,712.72
1655,Bravia 1655,5,2411.85
1656,Sony 1656,6,1200.94
1657,Cherry 1657,7,4302.31
1658,Logitech 1658,8,1452.17
1659,Dell 1659,9,4389.99
1660,HP 1660,10,2072.8
1661,Куртка 1661,11,985.65
1662,Платье 1662,12,3560.29
1663,Кроссовки 1663,13,3957.64
1664,Часы 1664,14,2911.04
1665,Рюкзак 1665,15,633.25
1666,Роман 1666,16,85.61
1667,Учебник 1667,17,3290.0
1668,Монография 1668,18,3454.45
1669,Подписка 1669,19,1613.71
1670,Альбом 1670,20,1843.24
1671,Диван 1671,21,816.15
1672,Люстра 1672,22,3275.3
1673,Плед 1673,23,1305.48
1674,Ваза 1674,24,4282.14
1675,Сервиз 1675,25,2146.63
1676,Гантели 1676,26,1859.94
1677,Коврик 1677,27,1414.02
1678,Велосипед 1678,28,3419.0
1679,Палатка 1679,29,3787.11
1680,Удочка 1680,30,2095.48
1681,Крем 1681,31,3929.75
1682,Витамины 1682,32,2438.22
1683,Духи 1683,33,1882.55
1684,Помада 1684,34,2796.81
1685,Сыворотка 1685,35,1306.2
1686,Кофе 1686,36,1567.93
1687,Сок 1687,37,1754.56
1688,Шоколад 1688,38,3542.2
1689,Перец 1689,39,3692.12
1690,Тушёнка 1690,40,4282.24
1691,Фильтр 1691,41,3313.45
1692,Шампунь 1692,42,3751.68
1693,Видеорегистратор 1693,43,2260.64
1694,Зимняя шина 1694,44,3511.59
1695,Батарея 1695,45,850.89
1696,LEGO 1696,46,1111.57
1697,Монополия 1697,47,2032.78
1698,Кубик Рубика 1698,48,1725.27
1699,Техник 1699,49,2775.35
1700,Barbie 1700,50,3500.43
1701,iPhone 1701,1,3548.61
1702,Galaxy 1702,2,845.65
1703,ThinkPad 1703,3,4824.62
1704,iPad 1704,4,76.19
1705,Bravia 1705,5,500.89
1706,Sony 1706,6,769.38
1707,Cherry 1707,7,4633.02
1708,Logitech 1708,8,2205.12
1709,Dell 1709,9,367.2
1710,HP 1710,10,1147.76
1711,Куртка 1711,11,446.2
1712,Платье 1712,12,236.89
1713,Кроссовки 1713,13,1952.41
1714,Часы 1714,14,4923.02
1715,Рюкзак 1715,15,3089.13
1716,Роман 1716,16,2628.98
1717,Учебник 1717,17,3572.45
1718,Монография 1718,18,3007.49
1719,Подписка 1719,19,4731.29
1720,Альбом 1720,20,4110.13
1721,Диван 1721,21,3219.44
1722,Люстра 1722,22,2222.91
1723,Плед 1723,23,1048.45
1724,Ваза 1724,24,3301.58
1725,Сервиз 1725,25,4029.35
1726,Гантели 1726,26,1465.73
1727,Коврик 1727,27,216.37
1728,Велосипед 1728,28,3017.6
1729,Палатка 1729,29,2603.28
1730,Удочка 1730,30,1196.77
1731,Крем 1731,31,888.94
1732,Витамины 1732,32,228.5
1733,Духи 1733,33,1234.32
1734,Помада 1734,34,51.42
1735,Сыворотка 1735,35,829.35
1736,Кофе 1736,36,4984.24
1737,Сок 1737,37,3909.38
1738,Шоколад 1738,38,1797.98
1739,Перец 1739,39,2005.96
1740,Тушёнка 1740,40,2951.1
1741,Фильтр 1741,41,2612.83
1742,Шампунь 1742,42,3697.78
1743,Видеорегистратор 1743,43,389.66
1744,Зимняя шина 1744,44,496.32
1745,Батарея 1745,45,1458.24
1746,LEGO 1746,46,4157.34
1747,Монополия 1747,47,4579.29
1748,Кубик Рубика 1748,48,1773.07
1749,Техник 1749,49,4818.27
1750,Barbie 1750,50,1418.71
1751,iPhone 1751,1,3051.5
1752,Galaxy 1752,2,1012.9
1753,ThinkPad 1753,3,4652.08
1754,iPad 1754,4,2895.79
1755,Bravia 1755,5,1342.48
1756,Sony 1756,6,2065.32
1757,Cherry 1757,7,577.0
1758,Logitech 1758,8,408.31
1759,Dell 1759,9,1506.55
1760,HP 1760,10,4737.73
1761,Куртка 1761,11,4024.56
1762,Платье 1762,12,4785.71
1763,Кроссовки 1763,13,4386.76
1764,Часы 1764,14,4075.08
1765,Рюкзак 1765,15,2895.72
1766,Роман 1766,16,3486.25
1767,Учебник 1767,17,4831.97
1768,Монография 1768,18,2837.68
1769,Подписка 1769,19,3861.34
1770,Альбом 1770,20,3799.49
1771,Диван 1771,21,4808.13
1772,Люстра 1772,22,2321.3
1773,Плед 1773,23,2330.57
1774,Ваза 1774,24,2954.79
1775,Сервиз 1775,25,185.39
1776,Гантели 1776,26,625.53
1777,Коврик 1777,27,384.39
1778,Велосипед 1778,28,3186.63
1779,Палатка 1779,29,4971.28
1780,Удочка 1780,30,3400.72
1781,Крем 1781,31,1188.15
1782,Витамины 1782,32,1612.87
1783,Духи 1783,33,4779.46
1784,Помада 1784,34,2606.7
1785,Сыворотка 1785,35,98.13
1786,Кофе 1786,36,4169.28
1787,Сок 1787,37,1278.88
1788,Шоколад 1788,38,510.4
1789,Перец 1789,39,3384.8
1790,Тушёнка 1790,40,4114.32
1791,Фильтр 1791,41,426.34
1792,Шампунь 1792,42,4660.41
1793,Видеорегистратор 1793,43,2408.95
1794,Зимняя шина 1794,44,1800.01
1795,Батарея 1795,45,4476.87
1796,LEGO 1796,46,1381.93
1797,Монополия 1797,47,4738.23
1798,Кубик Рубика 1798,48,3431.38
1799,Техник 1799,49,4554.14
1800,Barbie 1800,50,2520.05
1801,iPhone 1801,1,1038.35
1802,Galaxy 1802,2,3690.37
1803,ThinkPad 1803,3,4370.08
1804,iPad 1804,4,1073.55
1805,Bravia 1805,5,1053.69
1806,Sony 1806,6,1285.99
1807,Cherry 1807,7,3112.05
1808,Logitech 1808,8,822.18
1809,Dell 1809,9,578.11
1810,HP 1810,10,4604.93
1811,Куртка 1811,11,3395.27
1812,Платье 1812,12,3333.95
1813,Кроссовки 1813,13,3088.44
1814,Часы 1814,14,3833.01
1815,Рюкзак 1815,15,2730.3
1816,Роман 1816,16,259.2
1817,Учебник 1817,17,2437.35
1818,Монография 1818,18,3122.3
1819,Подписка 1819,19,2487.08
1820,Альбом 1820,20,4927.54
1821,Диван 1821,21,4490.15
1822,Люстра 1822,22,4350.41
1823,Плед 1823,23,2479.49
1824,Ваза 1824,24,4922.75
1825,Сервиз 1825,25,4584.23
1826,Гантели 1826,26,1437.32
1827,Коврик 1827,27,1149.36
1828,Велосипед 1828,28,2904.49
1829,Палатка 1829,29,318.03
1830,Удочка 1830,30,4006.39
1831,Крем 1831,31,2417.68
1832,Витамины 1832,32,2726.8
1833,Духи 1833,33,2537.25
1834,Помада 1834,34,1998.9
1835,Сыворотка 1835,35,3447.38
1836,Кофе 1836,36,915.26
1837,Сок 1837,37,4883.71
1838,Шоколад 1838,38,3506.31
1839,Перец 1839,39,2327.35
1840,Тушёнка 1840,40,3461.59
1841,Фильтр 1841,41,108.51
1842,Шампунь 1842,42,1093.22
1843,Видеорегистратор 1843,43,2925.99
1844,Зимняя шина 1844,44,1660.91
1845,Батарея 1845,45,3083.25
1846,LEGO 1846,46,1335.52
1847,Монополия 1847,47,2765.39
1848,Кубик Рубика 1848,48,1223.84
1849,Техник 1849,49,2383.16
1850,Barbie 1850,50,3084.77
1851,iPhone 1851,1,1861.32
1852,Galaxy 1852,2,2518.91
1853,ThinkPad 1853,3,1092.14
1854,iPad 1854,4,3518.53
1855,Bravia 1855,5,1892.93
1856,Sony 1856,6,4278.91
1857,Cherry 1857,7,1434.17
1858,Logitech 1858,8,940.45
1859,Dell 1859,9,699.14
1860,HP 1860,10,2900.67
1861,Куртка 1861,11,1181.41
1862,Платье 1862,12,544.36
1863,Кроссовки 1863,13,1386.25
1864,Часы 1864,14,1217.24
1865,Рюкзак 1865,15,2189.48
1866,Роман 1866,16,1935.37
1867,Учебник 1867,17,771.93
1868,Монография 1868,18,4797.78
1869,Подписка 1869,19,790.26
1870,Альбом 1870,20,4038.06
1871,Диван 1871,21,924.21
1872,Люстра 1872,22,2523.01
1873,Плед 1873,23,4978.03
1874,Ваза 1874,24,4254.48
1875,Сервиз 1875,25,2609.18
1876,Гантели 1876,26,3616.77
1877,Коврик 1877,27,3937.4
1878,Велосипед 1878,28,1535.17
1879,Палатка 1879,29,2832.59
1880,Удочка 1880,30,2860.78
1881,Крем 1881,31,2022.09
1882,Витамины 1882,32,3468.19
1883,Духи 1883,33,347.18
1884,Помада 1884,34,4078.4
1885,Сыворотка 1885,35,2408.87
1886,Кофе 1886,36,3167.82
1887,Сок 1887,37,2276.78
1888,Шоколад 1888,38,1706.55
1889,Перец 1889,39,1836.76
1890,Тушёнка 1890,40,2823.73
1891,Фильтр 1891,41,4662.63
1892,Шампунь 1892,42,1325.69
1893,Видеорегистратор 1893,43,148.18
1894,Зимняя шина 1894,44,650.13
1895,Батарея 1895,45,4343.47
1896,LEGO 1896,46,4817.43
1897,Монополия 1897,47,1034.84
1898,Кубик Рубика 1898,48,2900.68
1899,Техник 1899,49,3263.2
1900,Barbie 1900,50,913.97
1901,iPhone 1901,1,3912.53
1902,Galaxy 1902,2,1807.79
1903,ThinkPad 1903,3,3382.3
1904,iPad 1904,4,2463.09
1905,Bravia 1905,5,3695.8
1906,Sony 1906,6,4453.68
1907,Cherry 1907,7,1936.3
1908,Logitech 1908,8,1468.29
1909,Dell 1909,9,3176.98
1910,HP 1910,10,767.0
1911,Куртка 1911,11,879.5
1912,Платье 1912,12,4048.2
1913,Кроссовки 1913,13,1720.07
1914,Часы 1914,14,3174.8
1915,Рюкзак 1915,15,2879.61
1916,Роман 1916,16,4252.06
1917,Учебник 1917,17,403.15
1918,Монография 1918,18,851.9
1919,Подписка 1919,19,1179.68
1920,Альбом 1920,20,1618.55
1921,Диван 1921,21,1492.21
1922,Люстра 1922,22,1373.99
1923,Плед 1923,23,3240.99
1924,Ваза 1924,24,1392.68
1925,Сервиз 1925,25,2252.25
1926,Гантели 1926,26,4320.89
1927,Коврик 1927,27,1847.67
1928,Велосипед 1928,28,2955.25
1929,Палатка 1929,29,4829.35
1930,Удочка 1930,30,2099.25
1931,Крем 1931,31,960.24
1932,Витамины 1932,32,164.35
1933,Духи 1933,33,3652.47
1934,Помада 1934,34,3327.01
1935,Сыворотка 1935,35,4705.16
1936,Кофе 1936,36,3518.45
1937,Сок 1937,37,446.32
1938,Шоколад 1938,38,876.21
1939,Перец 1939,39,559.9
1940,Тушёнка 1940,40,365.77
1941,Фильтр 1941,41,4399.52
1942,Шампунь 1942,42,2764.75
1943,Видеорегистратор 1943,43,180.51
1944,Зимняя шина 1944,44,2015.21
1945,Батарея 1945,45,3836.73
1946,LEGO 1946,46,462.09
1947,Монополия 1947,47,1349.14
1948,Кубик Рубика 1948,48,818.61
1949,Техник 1949,49,3291.42
1950,Barbie 1950,50,4433.08
1951,iPhone 1951,1,1581.38
1952,Galaxy 1952,2,1274.61
1953,ThinkPad 1953,3,1456.67
1954,iPad 1954,4,3151.08
1955,Bravia 1955,5,699.82
1956,Sony 1956,6,4200.66
1957,Cherry 1957,7,191.43
1958,Logitech 1958,8,3334.57
1959,Dell 1959,9,4308.83
1960,HP 1960,10,1659.75
1961,Куртка 1961,11,2406.97
1962,Платье 1962,12,4876.16
1963,Кроссовки 1963,13,2725.89
1964,Часы 1964,14,1398.45
1965,Рюкзак 1965,15,2251.98
1966,Роман 1966,16,4849.23
1967,Учебник 1967,17,3503.23
1968,Монография 1968,18,926.33
1969,Подписка 1969,19,3008.04
1970,Альбом 1970,20,3173.69
1971,Диван 1971,21,3197.46
1972,Люстра 1972,22,2841.72
1973,Плед 1973,23,2641.13
1974,Ваза 1974,24,3215.66
1975,Сервиз 1975,25,1582.82
1976,Гантели 1976,26,1768.48
1977,Коврик 1977,27,2721.36
1978,Велосипед 1978,28,4033.3
1979,Палатка 1979,29,2237.21
1980,Удочка 1980,30,1860.63
1981,Крем 1981,31,1336.04
1982,Витамины 1982,32,1552.69
1983,Духи 1983,33,50.46
1984,Помада 1984,34,4086.13
1985,Сыворотка 1985,35,4247.34
1986,Кофе 1986,36,1752.23
1987,Сок 1987,37,2372.53
1988,Шоколад 1988,38,91.17
1989,Перец 1989,39,4614.34
1990,Тушёнка 1990,40,4737.44
1991,Фильтр 1991,41,2411.48
1992,Шампунь 1992,42,95.21
1993,Видеорегистратор 1993,43,2180.65
1994,Зимняя шина 1994,44,1499.97
1995,Батарея 1995,45,1194.52
1996,LEGO 1996,46,85.73
1997,Монополия 1997,47,1899.54
1998,Кубик Рубика 1998,48,2088.09
1999,Техник 1999,49,2824.74
2000,Barbie 2000,50,2004.02
