user_id,name,email,created_at
1,Козлова Павел,user1@example.com,2023-01-26 00:00:00
2,Соколов Виктория,user2@example.com,2023-09-08 00:00:00
3,Новиков Наталья,user3@example.com,2023-04-15 00:00:00
4,Сидоров Марина,user4@example.com,2024-08-27 00:00:00
5,Иванова Татьяна,user5@example.com,2023-01-31 00:00:00
6,Волков Дмитрий,user6@example.com,2023-08-27 00:00:00
7,Петров Алексей,user7@example.com,2024-07-28 00:00:00
8,Богданова Сергей,user8@example.com,2023-08-14 00:00:00
9,Соколов Николай,user9@example.com,2023-01-07 00:00:00
10,Богданова Ольга,user10@example.com,2023-12-15 00:00:00
11,Новиков Иван,user11@example.com,2023-08-09 00:00:00
12,Козлова Михаил,user12@example.com,2023-04-05 00:00:00
13,Козлова Артём,user13@example.com,2024-01-03 00:00:00
14,Соколов Екатерина,user14@example.com,2023-02-14 00:00:00
15,Кузнецов Виктория,user15@example.com,2024-07-03 00:00:00
16,Попов Елена,user16@example.com,2023-03-22 00:00:00
17,Морозова Светлана,user17@example.com,2024-10-05 00:00:00
18,Виноградова Юлия,user18@example.com,2024-08-14 00:00:00
19,Сидоров Сергей,user19@example.com,2023-02-16 00:00:00
20,Павлова Марина,user20@example.com,2023-10-24 00:00:00
21,Павлова Дмитрий,user21@example.com,2023-04-14 00:00:00
22,Соколов Артём,user22@example.com,2024-04-09 00:00:00
23,Виноградова Павел,user23@example.com,2023-06-16 00:00:00
24,Виноградова Екатерина,user24@example.com,2023-08-03 00:00:00
25,Соколов Марина,user25@example.com,2024-12-19 00:00:00
26,Сидоров Марина,user26@example.com,2024-09-15 00:00:00
27,Смирнова Павел,user27@example.com,2024-06-30 00:00:00
28,Павлова Виктория,user28@example.com,2023-06-17 00:00:00
29,Попов Николай,user29@example.com,2023-10-04 00:00:00
30,Павлова Павел,user30@example.com,2024-12-02 00:00:00
31,Иванова Михаил,user31@example.com,2023-08-23 00:00:00
32,Лебедев Мария,user32@example.com,2024-02-15 00:00:00
33,Сидоров Иван,user33@example.com,2023-08-05 00:00:00
34,Лебедев Владимир,user34@example.com,2023-08-06 00:00:00
35,Орлова Павел,user35@example.com,2024-02-10 00:00:00
36,Кузнецов Павел,user36@example.com,2023-05-27 00:00:00
37,Новиков Иван,user37@example.com,2023-09-10 00:00:00
38,Соколов Виктория,user38@example.com,2024-08-21 00:00:00
39,Попов Татьяна,user39@example.com,2024-01-06 00:00:00
40,Новиков Наталья,user40@example.com,2024-06-05 00:00:00
41,Сидоров Ирина,user41@example.com,2023-02-18 00:00:00
42,Новиков Елена,user42@example.com,2024-10-04 00:00:00
43,Богданова Ольга,user43@example.com,2024-09-02 00:00:00
44,Попов Дмитрий,user44@example.com,2024-01-26 00:00:00
45,Кузнецов Юлия,user45@example.com,2024-06-25 00:00:00
46,Петров Иван,user46@example.com,2024-11-27 00:00:00
47,Козлова Виктория,user47@example.com,2024-11-29 00:00:00
48,Соколов Светлана,user48@example.com,2024-10-18 00:00:00
49,Козлова Михаил,user49@example.com,2023-10-28 00:00:00
50,Смирнова Татьяна,user50@example.com,2024-04-09 00:00:00
51,Соколов Александр,user51@example.com,2024-05-27 00:00:00
52,Козлова Ольга,user52@example.com,2024-10-02 00:00:00
53,Волков Анна,user53@example.com,2023-06-06 00:00:00
54,Смирнова Екатерина,user54@example.com,2024-07-06 00:00:00
55,Петров Алексей,user55@example.com,2024-09-05 00:00:00
56,Орлова Михаил,user56@example.com,2023-01-20 00:00:00
57,Виноградова Елена,user57@example.com,2023-11-11 00:00:00
58,Иванова Наталья,user58@example.com,2023-09-04 00:00:00
59,Сидоров Владимир,user59@example.com,2023-03-29 00:00:00
60,Орлова Виктория,user60@example.com,2023-03-12 00:00:00
61,Новиков Светлана,user61@example.com,2023-05-12 00:00:00
62,Орлова Марина,user62@example.com,2024-07-16 00:00:00
63,Соколов Ольга,user63@example.com,2024-06-24 00:00:00
64,Богданова Юлия,user64@example.com,2023-08-05 00:00:00
65,Волков Светлана,user65@example.com,2024-12-31 00:00:00
66,Попов Анна,user66@example.com,2024-11-18 00:00:00
67,Виноградова Павел,user67@example.com,2024-03-24 00:00:00
68,Кузнецов Алексей,user68@example.com,2023-05-04 00:00:00
69,Павлова Наталья,user69@example.com,2023-03-07 00:00:00
70,Петров Михаил,user70@example.com,2024-08-25 00:00:00
71,Павлова Светлана,user71@example.com,2024-08-25 00:00:00
72,Петров Наталья,user72@example.com,2023-03-14 00:00:00
73,Иванова Роман,user73@example.com,2023-08-23 00:00:00
74,Иванова Дмитрий,user74@example.com,2023-12-05 00:00:00
75,Павлова Дмитрий,user75@example.com,2023-10-13 00:00:00
76,Орлова Марина,user76@example.com,2023-08-08 00:00:00
77,Новиков Светлана,user77@example.com,2024-08-07 00:00:00
78,Орлова Владимир,user78@example.com,2023-09-06 00:00:00
79,Богданова Ирина,user79@example.com,2023-07-14 00:00:00
80,Козлова Елена,user80@example.com,2024-11-05 00:00:00
81,Виноградова Татьяна,user81@example.com,2024-03-09 00:00:00
82,Кузнецов Татьяна,user82@example.com,2023-02-25 00:00:00
83,Козлова Марина,user83@example.com,2023-03-04 00:00:00
84,Лебедев Артём,user84@example.com,2023-04-22 00:00:00
85,Волков Наталья,user85@example.com,2023-07-14 00:00:00
86,Кузнецов Светлана,user86@example.com,2023-05-24 00:00:00
87,Смирнова Татьяна,user87@example.com,2023-10-13 00:00:00
88,Павлова Николай,user88@example.com,2023-03-19 00:00:00
89,Козлова Николай,user89@example.com,2023-02-21 00:00:00
90,Петров Павел,user90@example.com,2023-04-06 00:00:00
91,Смирнова Наталья,user91@example.com,2024-02-21 00:00:00
92,Орлова Ирина,user92@example.com,2023-08-07 00:00:00
93,Иванова Артём,user93@example.com,2023-06-18 00:00:00
94,Петров Артём,user94@example.com,2024-02-04 00:00:00
95,Кузнецов Иван,user95@example.com,2023-10-20 00:00:00
96,Орлова Татьяна,user96@example.com,2023-06-08 00:00:00
97,Морозова Сергей,user97@example.com,2023-08-11 00:00:00
98,Иванова Мария,user98@example.com,2023-11-18 00:00:00
99,Иванова Мария,user99@example.com,2024-08-21 00:00:00
100,Смирнова Ирина,user100@example.com,2023-02-28 00:00:00
101,Сидоров Алексей,user101@example.com,2023-07-10 00:00:00
102,Сидоров Дмитрий,user102@example.com,2024-11-22 00:00:00
103,Попов Наталья,user103@example.com,2023-05-03 00:00:00
104,Павлова Владимир,user104@example.com,2024-08-15 00:00:00
105,Иванова Юлия,user105@example.com,2024-09-26 00:00:00
106,Богданова Дмитрий,user106@example.com,2024-11-04 00:00:00
107,Лебедев Владимир,user107@example.com,2023-09-25 00:00:00
108,Лебедев Сергей,user108@example.com,2023-09-02 00:00:00
109,Попов Иван,user109@example.com,2023-05-15 00:00:00
110,Морозова Марина,user110@example.com,2024-04-13 00:00:00
111,Сидоров Михаил,user111@example.com,2023-01-10 00:00:00
112,Козлова Николай,user112@example.com,2023-03-17 00:00:00
113,Волков Светлана,user113@example.com,2024-06-02 00:00:00
114,Новиков Иван,user114@example.com,2023-12-24 00:00:00
115,Павлова Дмитрий,user115@example.com,2024-01-14 00:00:00
116,Смирнова Анна,user116@example.com,2024-03-24 00:00:00
117,Морозова Светлана,user117@example.com,2024-09-18 00:00:00
118,Петров Павел,user118@example.com,2024-11-14 00:00:00
119,Морозова Светлана,user119@example.com,2024-11-10 00:00:00
120,Новиков Елена,user120@example.com,2023-09-28 00:00:00
121,Козлова Елена,user121@example.com,2024-07-20 00:00:00
122,Соколов Андрей,user122@example.com,2023-10-16 00:00:00
123,Волков Юлия,user123@example.com,2023-12-18 00:00:00
124,Соколов Сергей,user124@example.com,2024-06-01 00:00:00
125,Соколов Ирина,user125@example.com,2023-02-22 00:00:00
126,Богданова Дмитрий,user126@example.com,2023-10-11 00:00:00
127,Петров Мария,user127@example.com,2023-12-08 00:00:00
128,Соколов Андрей,user128@example.com,2023-06-15 00:00:00
129,Кузнецов Виктория,user129@example.com,2024-07-18 00:00:00
130,Богданова Роман,user130@example.com,2024-07-28 00:00:00
131,Козлова Александр,user131@example.com,2023-03-19 00:00:00
132,Новиков Роман,user132@example.com,2024-07-12 00:00:00
133,Виноградова Мария,user133@example.com,2024-08-19 00:00:00
134,Новиков Светлана,user134@example.com,2024-03-16 00:00:00
135,Иванова Андрей,user135@example.com,2023-11-12 00:00:00
136,Иванова Екатерина,user136@example.com,2024-01-02 00:00:00
137,Павлова Сергей,user137@example.com,2024-11-13 00:00:00
138,Виноградова Елена,user138@example.com,2024-07-27 00:00:00
139,Новиков Татьяна,user139@example.com,2023-08-31 00:00:00
140,Смирнова Ольга,user140@example.com,2024-02-27 00:00:00
141,Смирнова Александр,user141@example.com,2023-12-07 00:00:00
142,Павлова Татьяна,user142@example.com,2023-10-01 00:00:00
143,Козлова Ольга,user143@example.com,2024-01-27 00:00:00
144,Орлова Мария,user144@example.com,2023-08-16 00:00:00
145,Кузнецов Сергей,user145@example.com,2023-12-25 00:00:00
146,Павлова Анна,user146@example.com,2023-08-17 00:00:00
147,Волков Александр,user147@example.com,2024-02-13 00:00:00
148,Соколов Михаил,user148@example.com,2023-03-13 00:00:00
149,Виноградова Иван,user149@example.com,2024-10-18 00:00:00
150,Попов Алексей,user150@example.com,2024-11-26 00:00:00
151,Лебедев Светлана,user151@example.com,2023-01-29 00:00:00
152,Соколов Елена,user152@example.com,2023-07-02 00:00:00
153,Соколов Владимир,user153@example.com,2023-02-09 00:00:00
154,Богданова Елена,user154@example.com,2023-12-20 00:00:00
155,Лебедев Виктория,user155@example.com,2024-03-22 00:00:00
156,Козлова Юлия,user156@example.com,2024-01-30 00:00:00
157,Волков Владимир,user157@example.com,2023-09-18 00:00:00
158,Богданова Мария,user158@example.com,2023-01-02 00:00:00
159,Волков Алексей,user159@example.com,2024-01-08 00:00:00
160,Сидоров Татьяна,user160@example.com,2024-11-11 00:00:00
161,Лебедев Михаил,user161@example.com,2024-11-10 00:00:00
162,Морозова Елена,user162@example.com,2024-06-03 00:00:00
163,Богданова Анна,user163@example.com,2023-12-01 00:00:00
164,Морозова Артём,user164@example.com,2024-07-21 00:00:00
165,Волков Андрей,user165@example.com,2024-03-06 00:00:00
166,Попов Марина,user166@example.com,2024-11-24 00:00:00
167,Смирнова Виктория,user167@example.com,2024-09-22 00:00:00
168,Морозова Владимир,user168@example.com,2024-02-20 00:00:00
169,Петров Светлана,user169@example.com,2023-11-08 00:00:00
170,Волков Анна,user170@example.com,2024-03-16 00:00:00
171,Лебедев Владимир,user171@example.com,2024-04-21 00:00:00
172,Кузнецов Николай,user172@example.com,2024-11-22 00:00:00
173,Орлова Сергей,user173@example.com,2023-06-23 00:00:00
174,Сидоров Марина,user174@example.com,2023-10-18 00:00:00
175,Лебедев Алексей,user175@example.com,2023-04-06 00:00:00
176,Морозова Наталья,user176@example.com,2023-08-19 00:00:00
177,Новиков Сергей,user177@example.com,2023-01-26 00:00:00
178,Павлова Мария,user178@example.com,2024-05-01 00:00:00
179,Сидоров Юлия,user179@example.com,2024-04-11 00:00:00
180,Волков Татьяна,user180@example.com,2024-12-14 00:00:00
181,Орлова Артём,user181@example.com,2024-02-14 00:00:00
182,Новиков Наталья,user182@example.com,2024-11-02 00:00:00
183,Петров Роман,user183@example.com,2023-04-20 00:00:00
184,Павлова Татьяна,user184@example.com,2023-06-30 00:00:00
185,Кузнецов Роман,user185@example.com,2023-02-21 00:00:00
186,Павлова Светлана,user186@example.com,2023-05-05 00:00:00
187,Новиков Николай,user187@example.com,2024-04-20 00:00:00
188,Лебедев Марина,user188@example.com,2024-03-29 00:00:00
189,Богданова Юлия,user189@example.com,2024-07-15 00:00:00
190,Смирнова Николай,user190@example.com,2024-05-01 00:00:00
191,Соколов Николай,user191@example.com,2023-09-11 00:00:00
192,Соколов Павел,user192@example.com,2024-06-17 00:00:00
193,Павлова Ирина,user193@example.com,2023-10-09 00:00:00
194,Сидоров Николай,user194@example.com,2024-12-31 00:00:00
195,Павлова Анна,user195@example.com,2023-10-06 00:00:00
196,Лебедев Михаил,user196@example.com,2024-07-07 00:00:00
197,Новиков Дмитрий,user197@example.com,2023-06-04 00:00:00
198,Попов Наталья,user198@example.com,2024-12-11 00:00:00
199,Волков Андрей,user199@example.com,2023-03-07 00:00:00
200,Богданова Татьяна,user200@example.com,2023-12-05 00:00:00
201,Кузнецов Светлана,user201@example.com,2024-03-01 00:00:00
202,Волков Мария,user202@example.com,2024-03-06 00:00:00
203,Петров Артём,user203@example.com,2024-08-12 00:00:00
204,Орлова Артём,user204@example.com,2023-01-07 00:00:00
205,Морозова Екатерина,user205@example.com,2024-02-04 00:00:00
206,Павлова Татьяна,user206@example.com,2024-05-14 00:00:00
207,Соколов Наталья,user207@example.com,2024-03-22 00:00:00
208,Петров Ирина,user208@example.com,2024-02-03 00:00:00
209,Попов Михаил,user209@example.com,2023-06-19 00:00:00
210,Новиков Николай,user210@example.com,2024-09-29 00:00:00
211,Петров Светлана,user211@example.com,2024-02-08 00:00:00
212,Петров Владимир,user212@example.com,2023-03-27 00:00:00
213,Богданова Павел,user213@example.com,2023-05-19 00:00:00
214,Смирнова Николай,user214@example.com,2023-02-21 00:00:00
215,Попов Иван,user215@example.com,2023-12-02 00:00:00
216,Кузнецов Сергей,user216@example.com,2023-12-01 00:00:00
217,Попов Михаил,user217@example.com,2023-10-12 00:00:00
218,Соколов Татьяна,user218@example.com,2023-03-25 00:00:00
219,Петров Ирина,user219@example.com,2024-07-06 00:00:00
220,Виноградова Мария,user220@example.com,2023-08-18 00:00:00
221,Сидоров Павел,user221@example.com,2024-10-29 00:00:00
222,Петров Мария,user222@example.com,2023-09-11 00:00:00
223,Петров Сергей,user223@example.com,2024-09-28 00:00:00
224,Павлова Андрей,user224@example.com,2023-05-10 00:00:00
225,Козлова Ирина,user225@example.com,2024-07-31 00:00:00
226,Кузнецов Сергей,user226@example.com,2024-12-17 00:00:00
227,Виноградова Иван,user227@example.com,2023-06-21 00:00:00
228,Козлова Юлия,user228@example.com,2023-06-17 00:00:00
229,Козлова Анна,user229@example.com,2024-08-15 00:00:00
230,Морозова Александр,user230@example.com,2024-08-12 00:00:00
231,Попов Марина,user231@example.com,2024-02-11 00:00:00
232,Волков Роман,user232@example.com,2023-03-19 00:00:00
233,Павлова Владимир,user233@example.com,2023-04-15 00:00:00
234,Морозова Роман,user234@example.com,2024-12-01 00:00:00
235,Козлова Юлия,user235@example.com,2024-08-02 00:00:00
236,Виноградова Мария,user236@example.com,2024-06-29 00:00:00
237,Виноградова Татьяна,user237@example.com,2023-03-12 00:00:00
238,Лебедев Алексей,user238@example.com,2023-01-13 00:00:00
239,Орлова Татьяна,user239@example.com,2023-04-19 00:00:00
240,Виноградова Татьяна,user240@example.com,2024-10-12 00:00:00
241,Новиков Николай,user241@example.com,2024-03-21 00:00:00
242,Соколов Ольга,user242@example.com,2024-09-22 00:00:00
243,Орлова Светлана,user243@example.com,2024-04-21 00:00:00
244,Соколов Татьяна,user244@example.com,2023-11-27 00:00:00
245,Сидоров Наталья,user245@example.com,2023-10-13 00:00:00
246,Павлова Николай,user246@example.com,2024-04-20 00:00:00
247,Попов Владимир,user247@example.com,2023-12-11 00:00:00
248,Орлова Александр,user248@example.com,2023-11-29 00:00:00
249,Орлова Ольга,user249@example.com,2023-08-06 00:00:00
250,Соколов Екатерина,user250@example.com,2023-12-15 00:00:00
251,Соколов Иван,user251@example.com,2024-07-23 00:00:00
252,Волков Александр,user252@example.com,2023-03-29 00:00:00
253,Богданова Наталья,user253@example.com,2024-05-15 00:00:00
254,Павлова Светлана,user254@example.com,2024-12-08 00:00:00
255,Орлова Ирина,user255@example.com,2024-04-03 00:00:00
256,Сидоров Александр,user256@example.com,2023-10-29 00:00:00
257,Попов Наталья,user257@example.com,2024-12-09 00:00:00
258,Морозова Наталья,user258@example.com,2024-11-10 00:00:00
259,Виноградова Владимир,user259@example.com,2024-04-29 00:00:00
260,Виноградова Светлана,user260@example.com,2024-03-11 00:00:00
261,Лебедев Виктория,user261@example.com,2023-12-27 00:00:00
262,Кузнецов Роман,user262@example.com,2023-10-05 00:00:00
263,Соколов Анна,user263@example.com,2023-08-25 00:00:00
264,Волков Елена,user264@example.com,2023-11-20 00:00:00
265,Смирнова Елена,user265@example.com,2023-07-16 00:00:00
266,Орлова Сергей,user266@example.com,2023-10-11 00:00:00
267,Морозова Виктория,user267@example.com,2023-04-13 00:00:00
268,Морозова Сергей,user268@example.com,2023-08-21 00:00:00
269,Смирнова Екатерина,user269@example.com,2023-11-06 00:00:00
270,Новиков Александр,user270@example.com,2023-10-08 00:00:00
271,Иванова Мария,user271@example.com,2024-07-20 00:00:00
272,Новиков Анна,user272@example.com,2024-10-15 00:00:00
273,Козлова Ирина,user273@example.com,2023-01-13 00:00:00
274,Морозова Владимир,user274@example.com,2024-04-25 00:00:00
275,Кузнецов Ирина,user275@example.com,2023-12-15 00:00:00
276,Иванова Ольга,user276@example.com,2023-09-16 00:00:00
277,Козлова Ирина,user277@example.com,2023-03-08 00:00:00
278,Орлова Артём,user278@example.com,2023-03-17 00:00:00
279,Иванова Владимир,user279@example.com,2023-06-05 00:00:00
280,Морозова Андрей,user280@example.com,2023-03-29 00:00:00
281,Козлова Наталья,user281@example.com,2024-07-25 00:00:00
282,Павлова Татьяна,user282@example.com,2024-06-19 00:00:00
283,Кузнецов Артём,user283@example.com,2024-03-29 00:00:00
284,Богданова Анна,user284@example.com,2023-11-09 00:00:00
285,Иванова Владимир,user285@example.com,2024-09-16 00:00:00
286,Козлова Виктория,user286@example.com,2023-08-01 00:00:00
287,Волков Павел,user287@example.com,2023-09-28 00:00:00
288,Сидоров Марина,user288@example.com,2023-06-10 00:00:00
289,Смирнова Наталья,user289@example.com,2024-07-19 00:00:00
290,Смирнова Дмитрий,user290@example.com,2023-01-03 00:00:00
291,Кузнецов Татьяна,user291@example.com,2024-12-06 00:00:00
292,Орлова Юлия,user292@example.com,2023-10-26 00:00:00
293,Павлова Мария,user293@example.com,2023-10-23 00:00:00
294,Морозова Роман,user294@example.com,2024-12-20 00:00:00
295,Сидоров Николай,user295@example.com,2024-12-04 00:00:00
296,Соколов Наталья,user296@example.com,2024-10-02 00:00:00
297,Волков Владимир,user297@example.com,2024-03-11 00:00:00
298,Павлова Елена,user298@example.com,2024-10-25 00:00:00
299,Соколов Андрей,user299@example.com,2023-05-26 00:00:00
300,Иванова Дмитрий,user300@example.com,2023-06-19 00:00:00
301,Морозова Анна,user301@example.com,2024-03-25 00:00:00
302,Кузнецов Елена,user302@example.com,2024-12-06 00:00:00
303,Попов Анна,user303@example.com,2023-10-06 00:00:00
304,Орлова Алексей,user304@example.com,2024-03-24 00:00:00
305,Иванова Дмитрий,user305@example.com,2024-03-18 00:00:00
306,Лебедев Виктория,user306@example.com,2024-09-10 00:00:00
307,Петров Иван,user307@example.com,2023-04-04 00:00:00
308,Петров Наталья,user308@example.com,2024-11-19 00:00:00
309,Иванова Иван,user309@example.com,2023-06-29 00:00:00
310,Кузнецов Ирина,user310@example.com,2023-10-12 00:00:00
311,Богданова Ольга,user311@example.com,2024-10-12 00:00:00
312,Сидоров Ирина,user312@example.com,2024-04-26 00:00:00
313,Богданова Екатерина,user313@example.com,2023-12-08 00:00:00
314,Козлова Михаил,user314@example.com,2023-06-14 00:00:00
315,Богданова Михаил,user315@example.com,2024-12-11 00:00:00
316,Морозова Ирина,user316@example.com,2024-11-09 00:00:00
317,Иванова Артём,user317@example.com,2024-04-10 00:00:00
318,Лебедев Дмитрий,user318@example.com,2023-09-16 00:00:00
319,Козлова Михаил,user319@example.com,2024-02-18 00:00:00
320,Петров Алексей,user320@example.com,2024-11-04 00:00:00
321,Кузнецов Светлана,user321@example.com,2024-02-28 00:00:00
322,Волков Мария,user322@example.com,2024-06-14 00:00:00
323,Орлова Екатерина,user323@example.com,2024-10-02 00:00:00
324,Иванова Николай,user324@example.com,2023-07-28 00:00:00
325,Новиков Иван,user325@example.com,2023-10-22 00:00:00
326,Орлова Николай,user326@example.com,2023-05-05 00:00:00
327,Павлова Александр,user327@example.com,2024-12-27 00:00:00
328,Морозова Ольга,user328@example.com,2024-07-18 00:00:00
329,Богданова Александр,user329@example.com,2023-04-06 00:00:00
330,Козлова Наталья,user330@example.com,2024-04-17 00:00:00
331,Новиков Елена,user331@example.com,2024-05-25 00:00:00
332,Морозова Роман,user332@example.com,2024-06-05 00:00:00
333,Соколов Роман,user333@example.com,2024-03-01 00:00:00
334,Орлова Ирина,user334@example.com,2023-09-07 00:00:00
335,Новиков Николай,user335@example.com,2024-01-28 00:00:00
336,Новиков Сергей,user336@example.com,2023-03-13 00:00:00
337,Богданова Иван,user337@example.com,2023-12-15 00:00:00
338,Соколов Алексей,user338@example.com,2023-01-03 00:00:00
339,Морозова Анна,user339@example.com,2024-08-24 00:00:00
340,Орлова Владимир,user340@example.com,2023-06-02 00:00:00
341,Орлова Николай,user341@example.com,2023-12-20 00:00:00
342,Попов Михаил,user342@example.com,2024-04-11 00:00:00
343,Волков Михаил,user343@example.com,2024-12-15 00:00:00
344,Попов Наталья,user344@example.com,2023-08-28 00:00:00
345,Иванова Татьяна,user345@example.com,2023-11-22 00:00:00
346,Орлова Виктория,user346@example.com,2024-12-23 00:00:00
347,Попов Артём,user347@example.com,2024-11-10 00:00:00
348,Новиков Павел,user348@example.com,2024-05-22 00:00:00
349,Новиков Мария,user349@example.com,2024-05-29 00:00:00
350,Лебедев Владимир,user350@example.com,2023-04-13 00:00:00
351,Козлова Николай,user351@example.com,2024-06-22 00:00:00
352,Петров Николай,user352@example.com,2023-05-28 00:00:00
353,Новиков Татьяна,user353@example.com,2023-03-18 00:00:00
354,Соколов Ирина,user354@example.com,2023-12-13 00:00:00
355,Попов Юлия,user355@example.com,2024-10-27 00:00:00
356,Лебедев Дмитрий,user356@example.com,2024-11-21 00:00:00
357,Попов Светлана,user357@example.com,2023-11-21 00:00:00
358,Орлова Павел,user358@example.com,2024-07-08 00:00:00
359,Сидоров Мария,user359@example.com,2023-08-29 00:00:00
360,Морозова Павел,user360@example.com,2023-08-21 00:00:00
361,Сидоров Виктория,user361@example.com,2024-03-20 00:00:00
362,Козлова Елена,user362@example.com,2024-03-30 00:00:00
363,Морозова Ольга,user363@example.com,2023-01-30 00:00:00
364,Лебедев Мария,user364@example.com,2023-02-27 00:00:00
365,Виноградова Анна,user365@example.com,2024-01-19 00:00:00
366,Новиков Татьяна,user366@example.com,2023-09-08 00:00:00
367,Богданова Алексей,user367@example.com,2024-08-02 00:00:00
368,Смирнова Марина,user368@example.com,2023-06-24 00:00:00
369,Сидоров Ольга,user369@example.com,2024-09-16 00:00:00
370,Павлова Артём,user370@example.com,2024-05-24 00:00:00
371,Новиков Владимир,user371@example.com,2023-08-26 00:00:00
372,Соколов Николай,user372@example.com,2024-04-15 00:00:00
373,Петров Иван,user373@example.com,2024-04-21 00:00:00
374,Смирнова Анна,user374@example.com,2023-03-17 00:00:00
375,Виноградова Николай,user375@example.com,2024-08-24 00:00:00
376,Богданова Анна,user376@example.com,2024-12-07 00:00:00
377,Кузнецов Иван,user377@example.com,2023-11-06 00:00:00
378,Попов Сергей,user378@example.com,2024-05-09 00:00:00
379,Павлова Елена,user379@example.com,2024-01-26 00:00:00
380,Виноградова Владимир,user380@example.com,2024-08-11 00:00:00
381,Морозова Анна,user381@example.com,2023-01-23 00:00:00
382,Попов Марина,user382@example.com,2023-10-09 00:00:00
383,Иванова Александр,user383@example.com,2024-09-12 00:00:00
384,Орлова Виктория,user384@example.com,2023-10-21 00:00:00
385,Виноградова Наталья,user385@example.com,2023-08-13 00:00:00
386,Волков Павел,user386@example.com,2024-09-27 00:00:00
387,Новиков Иван,user387@example.com,2024-10-05 00:00:00
388,Иванова Елена,user388@example.com,2023-11-13 00:00:00
389,Иванова Николай,user389@example.com,2024-08-16 00:00:00
390,Новиков Екатерина,user390@example.com,2023-04-03 00:00:00
391,Лебедев Анна,user391@example.com,2024-03-01 00:00:00
392,Волков Ольга,user392@example.com,2023-05-16 00:00:00
393,Виноградова Светлана,user393@example.com,2024-06-27 00:00:00
394,Соколов Алексей,user394@example.com,2023-06-18 00:00:00
395,Орлова Иван,user395@example.com,2023-10-30 00:00:00
396,Лебедев Виктория,user396@example.com,2023-04-28 00:00:00
397,Сидоров Николай,user397@example.com,2023-05-25 00:00:00
398,Попов Наталья,user398@example.com,2024-07-24 00:00:00
399,Сидоров Екатерина,user399@example.com,2024-02-09 00:00:00
400,Соколов Александр,user400@example.com,2024-07-03 00:00:00
401,Кузнецов Елена,user401@example.com,2024-01-13 00:00:00
402,Соколов Марина,user402@example.com,2024-08-21 00:00:00
403,Виноградова Артём,user403@example.com,2023-04-21 00:00:00
404,Павлова Марина,user404@example.com,2024-04-27 00:00:00
405,Лебедев Александр,user405@example.com,2024-09-16 00:00:00
406,Сидоров Наталья,user406@example.com,2024-10-12 00:00:00
407,Морозова Николай,user407@example.com,2024-10-26 00:00:00
408,Козлова Татьяна,user408@example.com,2023-05-24 00:00:00
409,Иванова Мария,user409@example.com,2023-11-08 00:00:00
410,Козлова Ирина,user410@example.com,2023-04-10 00:00:00
411,Новиков Наталья,user411@example.com,2024-02-02 00:00:00
412,Виноградова Николай,user412@example.com,2024-11-17 00:00:00
413,Богданова Виктория,user413@example.com,2024-08-24 00:00:00
414,Новиков Виктория,user414@example.com,2024-02-29 00:00:00
415,Козлова Павел,user415@example.com,2024-05-16 00:00:00
416,Богданова Юлия,user416@example.com,2023-10-14 00:00:00
417,Виноградова Мария,user417@example.com,2023-08-11 00:00:00
418,Кузнецов Николай,user418@example.com,2023-08-30 00:00:00
419,Козлова Екатерина,user419@example.com,2024-12-03 00:00:00
420,Виноградова Екатерина,user420@example.com,2023-03-04 00:00:00
421,Соколов Артём,user421@example.com,2023-07-14 00:00:00
422,Кузнецов Елена,user422@example.com,2023-04-04 00:00:00
423,Волков Марина,user423@example.com,2024-10-19 00:00:00
424,Петров Павел,user424@example.com,2023-02-21 00:00:00
425,Павлова Михаил,user425@example.com,2023-05-09 00:00:00
426,Волков Владимир,user426@example.com,2023-03-12 00:00:00
427,Волков Светлана,user427@example.com,2024-08-23 00:00:00
428,Павлова Сергей,user428@example.com,2023-12-03 00:00:00
429,Петров Андрей,user429@example.com,2023-10-11 00:00:00
430,Новиков Андрей,user430@example.com,2024-07-07 00:00:00
431,Смирнова Иван,user431@example.com,2023-04-23 00:00:00
432,Петров Марина,user432@example.com,2023-05-15 00:00:00
433,Виноградова Александр,user433@example.com,2023-09-01 00:00:00
434,Лебедев Владимир,user434@example.com,2023-01-17 00:00:00
435,Соколов Ольга,user435@example.com,2023-02-23 00:00:00
436,Богданова Андрей,user436@example.com,2024-06-22 00:00:00
437,Сидоров Елена,user437@example.com,2024-05-02 00:00:00
438,Виноградова Николай,user438@example.com,2024-06-09 00:00:00
439,Козлова Владимир,user439@example.com,2024-04-07 00:00:00
440,Павлова Алексей,user440@example.com,2024-09-21 00:00:00
441,Морозова Мария,user441@example.com,2024-04-14 00:00:00
442,Петров Павел,user442@example.com,2023-03-04 00:00:00
443,Попов Ирина,user443@example.com,2024-03-12 00:00:00
444,Козлова Марина,user444@example.com,2024-05-17 00:00:00
445,Кузнецов Роман,user445@example.com,2023-03-17 00:00:00
446,Лебедев Дмитрий,user446@example.com,2024-09-14 00:00:00
447,Сидоров Андрей,user447@example.com,2023-05-10 00:00:00
448,Лебедев Иван,user448@example.com,2024-01-26 00:00:00
449,Морозова Юлия,user449@example.com,2024-04-09 00:00:00
450,Богданова Алексей,user450@example.com,2023-04-12 00:00:00
451,Козлова Роман,user451@example.com,2024-11-01 00:00:00
452,Волков Павел,user452@example.com,2024-03-16 00:00:00
453,Павлова Николай,user453@example.com,2024-02-28 00:00:00
454,Кузнецов Михаил,user454@example.com,2024-02-13 00:00:00
455,Козлова Татьяна,user455@example.com,2023-11-17 00:00:00
456,Лебедев Татьяна,user456@example.com,2024-11-12 00:00:00
457,Виноградова Иван,user457@example.com,2023-06-06 00:00:00
458,Орлова Марина,user458@example.com,2023-03-10 00:00:00
459,Сидоров Дмитрий,user459@example.com,2023-04-06 00:00:00
460,Козлова Татьяна,user460@example.com,2024-01-17 00:00:00
461,Иванова Андрей,user461@example.com,2024-08-23 00:00:00
462,Лебедев Светлана,user462@example.com,2024-11-17 00:00:00
463,Богданова Елена,user463@example.com,2023-12-29 00:00:00
464,Богданова Марина,user464@example.com,2023-02-22 00:00:00
465,Морозова Анна,user465@example.com,2023-12-27 00:00:00
466,Волков Елена,user466@example.com,2023-06-08 00:00:00
467,Орлова Марина,user467@example.com,2023-08-18 00:00:00
468,Виноградова Елена,user468@example.com,2024-07-23 00:00:00
469,Козлова Екатерина,user469@example.com,2023-10-13 00:00:00
470,Павлова Владимир,user470@example.com,2024-03-15 00:00:00
471,Петров Светлана,user471@example.com,2024-09-15 00:00:00
472,Соколов Марина,user472@example.com,2023-01-30 00:00:00
473,Соколов Ольга,user473@example.com,2024-12-20 00:00:00
474,Лебедев Анна,user474@example.com,2023-12-26 00:00:00
475,Смирнова Александр,user475@example.com,2023-05-27 00:00:00
476,Попов Владимир,user476@example.com,2023-03-13 00:00:00
477,Петров Андрей,user477@example.com,2023-04-04 00:00:00
478,Волков Виктория,user478@example.com,2024-01-21 00:00:00
479,Кузнецов Татьяна,user479@example.com,2023-12-16 00:00:00
480,Виноградова Ольга,user480@example.com,2023-11-16 00:00:00
481,Лебедев Виктория,user481@example.com,2024-08-04 00:00:00
482,Сидоров Юлия,user482@example.com,2023-02-23 00:00:00
483,Смирнова Андрей,user483@example.com,2024-09-24 00:00:00
484,Сидоров Мария,user484@example.com,2023-10-06 00:00:00
485,Богданова Николай,user485@example.com,2024-05-12 00:00:00
486,Кузнецов Юлия,user486@example.com,2024-02-29 00:00:00
487,Волков Иван,user487@example.com,2024-06-08 00:00:00
488,Виноградова Елена,user488@example.com,2024-03-16 00:00:00
489,Морозова Елена,user489@example.com,2024-11-25 00:00:00
490,Орлова Марина,user490@example.com,2024-06-23 00:00:00
491,Морозова Марина,user491@example.com,2023-02-16 00:00:00
492,Попов Наталья,user492@example.com,2024-09-05 00:00:00
493,Петров Мария,user493@example.com,2023-07-29 00:00:00
494,Волков Анна,user494@example.com,2023-05-21 00:00:00
495,Морозова Иван,user495@example.com,2023-12-02 00:00:00
496,Петров Елена,user496@example.com,2024-05-24 00:00:00
497,Богданова Виктория,user497@example.com,2023-06-29 00:00:00
498,Попов Андрей,user498@example.com,2024-06-29 00:00:00
499,Павлова Роман,user499@example.com,2024-05-27 00:00:00
500,Виноградова Светлана,user500@example.com,2023-03-15 00:00:00
501,Иванова Артём,user501@example.com,2024-03-22 00:00:00
502,Кузнецов Александр,user502@example.com,2023-03-21 00:00:00
503,Богданова Михаил,user503@example.com,2024-08-10 00:00:00
504,Богданова Артём,user504@example.com,2023-10-24 00:00:00
505,Попов Елена,user505@example.com,2023-01-22 00:00:00
506,Смирнова Михаил,user506@example.com,2024-09-24 00:00:00
507,Виноградова Николай,user507@example.com,2023-04-01 00:00:00
508,Козлова Татьяна,user508@example.com,2023-09-07 00:00:00
509,Попов Татьяна,user509@example.com,2024-06-20 00:00:00
510,Попов Дмитрий,user510@example.com,2023-11-14 00:00:00
511,Лебедев Виктория,user511@example.com,2023-08-15 00:00:00
512,Смирнова Михаил,user512@example.com,2023-03-20 00:00:00
513,Козлова Алексей,user513@example.com,2024-06-27 00:00:00
514,Волков Алексей,user514@example.com,2023-12-24 00:00:00
515,Новиков Екатерина,user515@example.com,2023-08-30 00:00:00
516,Новиков Елена,user516@example.com,2023-09-20 00:00:00
517,Смирнова Сергей,user517@example.com,2024-09-08 00:00:00
518,Сидоров Андрей,user518@example.com,2023-07-01 00:00:00
519,Орлова Павел,user519@example.com,2024-04-20 00:00:00
520,Кузнецов Владимир,user520@example.com,2024-11-28 00:00:00
521,Лебедев Владимир,user521@example.com,2024-10-04 00:00:00
522,Новиков Михаил,user522@example.com,2024-03-26 00:00:00
523,Орлова Дмитрий,user523@example.com,2024-03-28 00:00:00
524,Морозова Павел,user524@example.com,2023-10-09 00:00:00
525,Иванова Владимир,user525@example.com,2023-12-27 00:00:00
526,Сидоров Алексей,user526@example.com,2023-11-14 00:00:00
527,Кузнецов Николай,user527@example.com,2023-02-08 00:00:00
528,Виноградова Мария,user528@example.com,2023-10-21 00:00:00
529,Сидоров Дмитрий,user529@example.com,2024-09-21 00:00:00
530,Попов Юлия,user530@example.com,2024-04-18 00:00:00
531,Иванова Владимир,user531@example.com,2024-04-05 00:00:00
532,Волков Владимир,user532@example.com,2023-11-26 00:00:00
533,Орлова Юлия,user533@example.com,2024-05-28 00:00:00
534,Иванова Андрей,user534@example.com,2024-04-06 00:00:00
535,Лебедев Елена,user535@example.com,2023-03-28 00:00:00
536,Смирнова Алексей,user536@example.com,2023-02-10 00:00:00
537,Кузнецов Наталья,user537@example.com,2024-03-25 00:00:00
538,Смирнова Алексей,user538@example.com,2024-01-08 00:00:00
539,Морозова Екатерина,user539@example.com,2024-02-01 00:00:00
540,Лебедев Татьяна,user540@example.com,2024-11-26 00:00:00
541,Иванова Юлия,user541@example.com,2024-10-08 00:00:00
542,Лебедев Павел,user542@example.com,2023-03-09 00:00:00
543,Козлова Михаил,user543@example.com,2024-07-25 00:00:00
544,Попов Марина,user544@example.com,2023-10-18 00:00:00
545,Новиков Иван,user545@example.com,2023-12-08 00:00:00
546,Новиков Дмитрий,user546@example.com,2023-12-25 00:00:00
547,Попов Анна,user547@example.com,2023-05-13 00:00:00
548,Сидоров Юлия,user548@example.com,2023-11-14 00:00:00
549,Попов Светлана,user549@example.com,2024-10-20 00:00:00
550,Новиков Михаил,user550@example.com,2024-11-17 00:00:00
551,Сидоров Роман,user551@example.com,2024-10-23 00:00:00
552,Богданова Марина,user552@example.com,2024-06-04 00:00:00
553,Петров Екатерина,user553@example.com,2024-01-07 00:00:00
554,Смирнова Анна,user554@example.com,2023-08-08 00:00:00
555,Орлова Михаил,user555@example.com,2023-07-16 00:00:00
556,Новиков Наталья,user556@example.com,2023-06-08 00:00:00
557,Морозова Дмитрий,user557@example.com,2023-04-14 00:00:00
558,Иванова Алексей,user558@example.com,2024-11-08 00:00:00
559,Новиков Михаил,user559@example.com,2024-09-03 00:00:00
560,Новиков Артём,user560@example.com,2023-06-16 00:00:00
561,Смирнова Ольга,user561@example.com,2024-03-24 00:00:00
562,Богданова Мария,user562@example.com,2024-01-09 00:00:00
563,Павлова Марина,user563@example.com,2024-03-30 00:00:00
564,Морозова Юлия,user564@example.com,2024-04-04 00:00:00
565,Павлова Наталья,user565@example.com,2023-11-13 00:00:00
566,Волков Ирина,user566@example.com,2024-01-12 00:00:00
567,Кузнецов Марина,user567@example.com,2024-04-17 00:00:00
568,Попов Анна,user568@example.com,2024-05-29 00:00:00
569,Богданова Алексей,user569@example.com,2023-06-15 00:00:00
570,Новиков Сергей,user570@example.com,2023-09-14 00:00:00
571,Орлова Мария,user571@example.com,2024-01-16 00:00:00
572,Козлова Светлана,user572@example.com,2024-12-29 00:00:00
573,Козлова Алексей,user573@example.com,2023-10-19 00:00:00
574,Смирнова Дмитрий,user574@example.com,2023-10-07 00:00:00
575,Новиков Николай,user575@example.com,2024-03-23 00:00:00
576,Павлова Дмитрий,user576@example.com,2024-04-06 00:00:00
577,Петров Екатерина,user577@example.com,2024-02-29 00:00:00
578,Попов Мария,user578@example.com,2024-05-29 00:00:00
579,Павлова Екатерина,user579@example.com,2024-01-31 00:00:00
580,Виноградова Дмитрий,user580@example.com,2023-08-18 00:00:00
581,Лебедев Александр,user581@example.com,2023-04-12 00:00:00
582,Лебедев Роман,user582@example.com,2023-05-30 00:00:00
583,Иванова Андрей,user583@example.com,2023-10-21 00:00:00
584,Новиков Ирина,user584@example.com,2024-12-23 00:00:00
585,Кузнецов Ирина,user585@example.com,2024-09-22 00:00:00
586,Сидоров Александр,user586@example.com,2023-01-20 00:00:00
587,Волков Иван,user587@example.com,2023-06-03 00:00:00
588,Богданова Светлана,user588@example.com,2023-04-24 00:00:00
589,Павлова Анна,user589@example.com,2023-11-05 00:00:00
590,Иванова Елена,user590@example.com,2023-09-02 00:00:00
591,Кузнецов Татьяна,user591@example.com,2023-03-06 00:00:00
592,Орлова Елена,user592@example.com,2024-09-03 00:00:00
593,Петров Светлана,user593@example.com,2024-10-09 00:00:00
594,Павлова Алексей,user594@example.com,2023-05-28 00:00:00
595,Богданова Анна,user595@example.com,2023-01-02 00:00:00
596,Виноградова Юлия,user596@example.com,2023-09-04 00:00:00
597,Богданова Владимир,user597@example.com,2023-07-11 00:00:00
598,Сидоров Марина,user598@example.com,2024-06-20 00:00:00
599,Сидоров Екатерина,user599@example.com,2024-06-22 00:00:00
600,Петров Светлана,user600@example.com,2024-02-04 00:00:00
601,Иванова Ирина,user601@example.com,2024-10-12 00:00:00
602,Виноградова Артём,user602@example.com,2023-09-17 00:00:00
603,Петров Виктория,user603@example.com,2024-01-01 00:00:00
604,Виноградова Дмитрий,user604@example.com,2023-09-04 00:00:00
605,Козлова Виктория,user605@example.com,2024-08-18 00:00:00
606,Лебедев Виктория,user606@example.com,2023-05-17 00:00:00
607,Виноградова Мария,user607@example.com,2024-07-13 00:00:00
608,Смирнова Михаил,user608@example.com,2024-12-02 00:00:00
609,Орлова Николай,user609@example.com,2024-10-08 00:00:00
610,Новиков Ольга,user610@example.com,2023-03-06 00:00:00
611,Кузнецов Роман,user611@example.com,2023-02-07 00:00:00
612,Волков Анна,user612@example.com,2023-02-14 00:00:00
613,Иванова Сергей,user613@example.com,2023-11-20 00:00:00
614,Попов Анна,user614@example.com,2024-07-10 00:00:00
615,Соколов Ирина,user615@example.com,2023-02-07 00:00:00
616,Волков Павел,user616@example.com,2023-10-20 00:00:00
617,Иванова Екатерина,user617@example.com,2024-11-02 00:00:00
618,Соколов Михаил,user618@example.com,2023-05-08 00:00:00
619,Богданова Екатерина,user619@example.com,2024-02-14 00:00:00
620,Кузнецов Виктория,user620@example.com,2024-01-31 00:00:00
621,Смирнова Михаил,user621@example.com,2024-05-23 00:00:00
622,Орлова Роман,user622@example.com,2024-01-12 00:00:00
623,Соколов Алексей,user623@example.com,2023-03-26 00:00:00
624,Богданова Виктория,user624@example.com,2023-03-22 00:00:00
625,Смирнова Татьяна,user625@example.com,2024-07-12 00:00:00
626,Лебедев Анна,user626@example.com,2023-04-16 00:00:00
627,Лебедев Дмитрий,user627@example.com,2024-11-07 00:00:00
628,Морозова Анна,user628@example.com,2024-04-01 00:00:00
629,Богданова Юлия,user629@example.com,2023-06-20 00:00:00
630,Кузнецов Роман,user630@example.com,2023-12-26 00:00:00
631,Иванова Николай,user631@example.com,2023-12-28 00:00:00
632,Богданова Юлия,user632@example.com,2023-10-09 00:00:00
633,Иванова Павел,user633@example.com,2023-03-18 00:00:00
634,Попов Марина,user634@example.com,2024-01-08 00:00:00
635,Смирнова Алексей,user635@example.com,2023-02-01 00:00:00
636,Кузнецов Андрей,user636@example.com,2023-02-05 00:00:00
637,Сидоров Андрей,user637@example.com,2023-08-30 00:00:00
638,Виноградова Павел,user638@example.com,2024-01-06 00:00:00
639,Иванова Артём,user639@example.com,2024-09-11 00:00:00
640,Кузнецов Андрей,user640@example.com,2024-01-15 00:00:00
641,Кузнецов Екатерина,user641@example.com,2023-03-20 00:00:00
642,Новиков Владимир,user642@example.com,2024-06-26 00:00:00
643,Попов Екатерина,user643@example.com,2023-11-18 00:00:00
644,Соколов Павел,user644@example.com,2023-09-13 00:00:00
645,Петров Елена,user645@example.com,2023-07-10 00:00:00
646,Попов Ирина,user646@example.com,2024-07-29 00:00:00
647,Соколов Елена,user647@example.com,2023-09-24 00:00:00
648,Кузнецов Роман,user648@example.com,2023-08-08 00:00:00
649,Морозова Юлия,user649@example.com,2024-12-11 00:00:00
650,Волков Ирина,user650@example.com,2023-05-06 00:00:00
651,Сидоров Андрей,user651@example.com,2024-04-07 00:00:00
652,Кузнецов Ольга,user652@example.com,2023-03-31 00:00:00
653,Лебедев Марина,user653@example.com,2024-11-14 00:00:00
654,Сидоров Екатерина,user654@example.com,2024-07-17 00:00:00
655,Морозова Светлана,user655@example.com,2023-11-04 00:00:00
656,Смирнова Ольга,user656@example.com,2024-01-06 00:00:00
657,Павлова Алексей,user657@example.com,2023-05-05 00:00:00
658,Новиков Сергей,user658@example.com,2023-08-31 00:00:00
659,Петров Ирина,user659@example.com,2024-01-05 00:00:00
660,Виноградова Светлана,user660@example.com,2024-04-23 00:00:00
661,Новиков Светлана,user661@example.com,2024-09-18 00:00:00
662,Сидоров Дмитрий,user662@example.com,2023-11-13 00:00:00
663,Орлова Артём,user663@example.com,2024-06-22 00:00:00
664,Богданова Татьяна,user664@example.com,2024-08-11 00:00:00
665,Новиков Дмитрий,user665@example.com,2023-11-21 00:00:00
666,Сидоров Павел,user666@example.com,2024-04-05 00:00:00
667,Виноградова Николай,user667@example.com,2023-05-12 00:00:00
668,Смирнова Светлана,user668@example.com,2023-05-13 00:00:00
669,Иванова Татьяна,user669@example.com,2023-05-08 00:00:00
670,Новиков Алексей,user670@example.com,2023-11-08 00:00:00
671,Смирнова Ольга,user671@example.com,2023-11-27 00:00:00
672,Павлова Роман,user672@example.com,2023-12-21 00:00:00
673,Морозова Алексей,user673@example.com,2023-03-22 00:00:00
674,Волков Иван,user674@example.com,2024-10-12 00:00:00
675,Соколов Светлана,user675@example.com,2023-05-09 00:00:00
676,Морозова Павел,user676@example.com,2024-09-21 00:00:00
677,Сидоров Светлана,user677@example.com,2024-05-29 00:00:00
678,Смирнова Павел,user678@example.com,2024-08-29 00:00:00
679,Новиков Владимир,user679@example.com,2023-06-25 00:00:00
680,Лебедев Марина,user680@example.com,2024-07-31 00:00:00
681,Петров Мария,user681@example.com,2023-03-25 00:00:00
682,Соколов Мария,user682@example.com,2024-10-28 00:00:00
683,Богданова Сергей,user683@example.com,2024-09-24 00:00:00
684,Петров Павел,user684@example.com,2024-05-24 00:00:00
685,Морозова Павел,user685@example.com,2024-10-19 00:00:00
686,Орлова Анна,user686@example.com,2023-09-08 00:00:00
687,Попов Марина,user687@example.com,2023-11-01 00:00:00
688,Сидоров Николай,user688@example.com,2024-12-06 00:00:00
689,Смирнова Мария,user689@example.com,2024-03-26 00:00:00
690,Орлова Татьяна,user690@example.com,2024-04-20 00:00:00
691,Лебедев Сергей,user691@example.com,2024-09-13 00:00:00
692,Лебедев Андрей,user692@example.com,2023-11-23 00:00:00
693,Виноградова Виктория,user693@example.com,2024-02-13 00:00:00
694,Виноградова Андрей,user694@example.com,2024-06-11 00:00:00
695,Козлова Светлана,user695@example.com,2023-11-23 00:00:00
696,Кузнецов Наталья,user696@example.com,2023-05-06 00:00:00
697,Кузнецов Иван,user697@example.com,2023-09-11 00:00:00
698,Козлова Андрей,user698@example.com,2023-02-21 00:00:00
699,Попов Анна,user699@example.com,2024-09-22 00:00:00
700,Павлова Татьяна,user700@example.com,2023-06-13 00:00:00
701,Лебедев Михаил,user701@example.com,2023-07-14 00:00:00
702,Орлова Ольга,user702@example.com,2024-06-11 00:00:00
703,Орлова Николай,user703@example.com,2023-11-12 00:00:00
704,Петров Ирина,user704@example.com,2023-04-03 00:00:00
705,Кузнецов Артём,user705@example.com,2023-09-04 00:00:00
706,Виноградова Сергей,user706@example.com,2023-02-19 00:00:00
707,Морозова Мария,user707@example.com,2024-05-21 00:00:00
708,Орлова Юлия,user708@example.com,2023-10-20 00:00:00
709,Петров Светлана,user709@example.com,2023-04-21 00:00:00
710,Новиков Татьяна,user710@example.com,2023-09-28 00:00:00
711,Виноградова Виктория,user711@example.com,2024-02-17 00:00:00
712,Иванова Екатерина,user712@example.com,2024-02-15 00:00:00
713,Волков Мария,user713@example.com,2024-01-07 00:00:00
714,Морозова Светлана,user714@example.com,2023-03-17 00:00:00
715,Кузнецов Артём,user715@example.com,2024-07-17 00:00:00
716,Козлова Иван,user716@example.com,2023-05-12 00:00:00
717,Попов Елена,user717@example.com,2024-01-18 00:00:00
718,Виноградова Михаил,user718@example.com,2023-05-28 00:00:00
719,Попов Сергей,user719@example.com,2024-05-27 00:00:00
720,Иванова Мария,user720@example.com,2023-02-09 00:00:00
721,Лебедев Андрей,user721@example.com,2024-04-30 00:00:00
722,Кузнецов Алексей,user722@example.com,2023-06-02 00:00:00
723,Новиков Юлия,user723@example.com,2023-12-02 00:00:00
724,Лебедев Юлия,user724@example.com,2023-06-16 00:00:00
725,Морозова Артём,user725@example.com,2024-08-30 00:00:00
726,Орлова Михаил,user726@example.com,2024-12-26 00:00:00
727,Морозова Владимир,user727@example.com,2024-05-01 00:00:00
728,Виноградова Александр,user728@example.com,2023-12-06 00:00:00
729,Козлова Марина,user729@example.com,2024-03-02 00:00:00
730,Морозова Владимир,user730@example.com,2024-12-05 00:00:00
731,Петров Павел,user731@example.com,2024-09-03 00:00:00
732,Соколов Ирина,user732@example.com,2024-11-02 00:00:00
733,Павлова Владимир,user733@example.com,2023-02-22 00:00:00
734,Орлова Владимир,user734@example.com,2023-06-24 00:00:00
735,Попов Алексей,user735@example.com,2023-06-01 00:00:00
736,Павлова Марина,user736@example.com,2023-02-02 00:00:00
737,Козлова Владимир,user737@example.com,2023-07-15 00:00:00
738,Кузнецов Александр,user738@example.com,2023-11-18 00:00:00
739,Новиков Татьяна,user739@example.com,2024-02-27 00:00:00
740,Волков Роман,user740@example.com,2024-02-25 00:00:00
741,Орлова Алексей,user741@example.com,2023-03-05 00:00:00
742,Новиков Роман,user742@example.com,2024-06-15 00:00:00
743,Лебедев Сергей,user743@example.com,2024-11-09 00:00:00
744,Попов Ирина,user744@example.com,2023-11-18 00:00:00
745,Кузнецов Ольга,user745@example.com,2024-06-29 00:00:00
746,Виноградова Михаил,user746@example.com,2024-11-23 00:00:00
747,Соколов Виктория,user747@example.com,2024-09-16 00:00:00
748,Волков Ирина,user748@example.com,2023-09-10 00:00:00
749,Морозова Иван,user749@example.com,2023-08-19 00:00:00
750,Морозова Анна,user750@example.com,2024-12-22 00:00:00
751,Орлова Сергей,user751@example.com,2023-11-21 00:00:00
752,Виноградова Ирина,user752@example.com,2024-07-27 00:00:00
753,Соколов Виктория,user753@example.com,2023-10-22 00:00:00
754,Попов Елена,user754@example.com,2024-02-09 00:00:00
755,Новиков Екатерина,user755@example.com,2023-10-25 00:00:00
756,Морозова Мария,user756@example.com,2023-03-22 00:00:00
757,Кузнецов Екатерина,user757@example.com,2024-11-02 00:00:00
758,Орлова Иван,user758@example.com,2023-08-08 00:00:00
759,Соколов Сергей,user759@example.com,2024-07-29 00:00:00
760,Соколов Роман,user760@example.com,2023-05-21 00:00:00
761,Павлова Елена,user761@example.com,2023-09-06 00:00:00
762,Павлова Мария,user762@example.com,2024-10-15 00:00:00
763,Иванова Наталья,user763@example.com,2023-04-13 00:00:00
764,Лебедев Татьяна,user764@example.com,2024-04-28 00:00:00
765,Новиков Елена,user765@example.com,2023-01-06 00:00:00
766,Смирнова Светлана,user766@example.com,2024-02-21 00:00:00
767,Орлова Павел,user767@example.com,2024-05-03 00:00:00
768,Волков Павел,user768@example.com,2023-10-22 00:00:00
769,Морозова Михаил,user769@example.com,2024-10-23 00:00:00
770,Сидоров Мария,user770@example.com,2024-10-29 00:00:00
771,Павлова Владимир,user771@example.com,2024-07-01 00:00:00
772,Иванова Виктория,user772@example.com,2023-06-29 00:00:00
773,Смирнова Татьяна,user773@example.com,2023-02-07 00:00:00
774,Орлова Артём,user774@example.com,2023-07-10 00:00:00
775,Морозова Виктория,user775@example.com,2023-02-08 00:00:00
776,Морозова Александр,user776@example.com,2024-08-04 00:00:00
777,Козлова Юлия,user777@example.com,2023-12-10 00:00:00
778,Кузнецов Анна,user778@example.com,2024-10-18 00:00:00
779,Орлова Светлана,user779@example.com,2023-05-18 00:00:00
780,Кузнецов Алексей,user780@example.com,2023-10-07 00:00:00
781,Козлова Сергей,user781@example.com,2023-12-05 00:00:00
782,Кузнецов Ольга,user782@example.com,2024-10-25 00:00:00
783,Смирнова Иван,user783@example.com,2023-01-15 00:00:00
784,Лебедев Виктория,user784@example.com,2023-10-30 00:00:00
785,Волков Владимир,user785@example.com,2023-06-29 00:00:00
786,Попов Юлия,user786@example.com,2024-03-13 00:00:00
787,Лебедев Алексей,user787@example.com,2023-03-30 00:00:00
788,Козлова Артём,user788@example.com,2023-07-09 00:00:00
789,Орлова Андрей,user789@example.com,2023-11-28 00:00:00
790,Петров Наталья,user790@example.com,2023-09-25 00:00:00
791,Павлова Артём,user791@example.com,2024-04-02 00:00:00
792,Лебедев Иван,user792@example.com,2023-11-06 00:00:00
793,Петров Владимир,user793@example.com,2023-09-25 00:00:00
794,Виноградова Павел,user794@example.com,2024-12-10 00:00:00
795,Иванова Наталья,user795@example.com,2024-11-14 00:00:00
796,Кузнецов Елена,user796@example.com,2023-11-11 00:00:00
797,Попов Ольга,user797@example.com,2024-12-03 00:00:00
798,Морозова Алексей,user798@example.com,2024-12-07 00:00:00
799,Морозова Елена,user799@example.com,2024-01-12 00:00:00
800,Павлова Юлия,user800@example.com,2023-08-13 00:00:00
801,Орлова Андрей,user801@example.com,2023-06-06 00:00:00
802,Виноградова Николай,user802@example.com,2024-03-01 00:00:00
803,Орлова Роман,user803@example.com,2024-07-04 00:00:00
804,Волков Марина,user804@example.com,2023-09-11 00:00:00
805,Сидоров Марина,user805@example.com,2024-06-22 00:00:00
806,Виноградова Николай,user806@example.com,2023-03-21 00:00:00
807,Козлова Владимир,user807@example.com,2023-03-05 00:00:00
808,Волков Светлана,user808@example.com,2024-08-09 00:00:00
809,Новиков Светлана,user809@example.com,2023-06-18 00:00:00
810,Кузнецов Михаил,user810@example.com,2023-04-30 00:00:00
811,Волков Марина,user811@example.com,2024-08-20 00:00:00
812,Сидоров Ирина,user812@example.com,2024-06-06 00:00:00
813,Иванова Николай,user813@example.com,2024-04-09 00:00:00
814,Богданова Андрей,user814@example.com,2024-04-12 00:00:00
815,Иванова Владимир,user815@example.com,2024-07-26 00:00:00
816,Морозова Николай,user816@example.com,2023-01-23 00:00:00
817,Соколов Артём,user817@example.com,2023-01-04 00:00:00
818,Волков Виктория,user818@example.com,2024-08-15 00:00:00
819,Иванова Дмитрий,user819@example.com,2024-03-09 00:00:00
820,Сидоров Екатерина,user820@example.com,2024-07-08 00:00:00
821,Сидоров Мария,user821@example.com,2024-04-28 00:00:00
822,Морозова Мария,user822@example.com,2024-02-23 00:00:00
823,Новиков Ольга,user823@example.com,2024-10-18 00:00:00
824,Богданова Виктория,user824@example.com,2024-01-19 00:00:00
825,Кузнецов Артём,user825@example.com,2024-01-22 00:00:00
826,Сидоров Артём,user826@example.com,2024-11-30 00:00:00
827,Новиков Марина,user827@example.com,2024-10-31 00:00:00
828,Козлова Екатерина,user828@example.com,2023-07-02 00:00:00
829,Попов Светлана,user829@example.com,2024-06-25 00:00:00
830,Павлова Андрей,user830@example.com,2023-01-04 00:00:00
831,Морозова Александр,user831@example.com,2024-04-19 00:00:00
832,Богданова Марина,user832@example.com,2024-06-28 00:00:00
833,Павлова Артём,user833@example.com,2023-09-11 00:00:00
834,Виноградова Николай,user834@example.com,2023-06-08 00:00:00
835,Волков Иван,user835@example.com,2023-04-26 00:00:00
836,Богданова Мария,user836@example.com,2024-09-21 00:00:00
837,Павлова Александр,user837@example.com,2023-07-31 00:00:00
838,Козлова Дмитрий,user838@example.com,2024-08-31 00:00:00
839,Кузнецов Мария,user839@example.com,2024-09-04 00:00:00
840,Иванова Марина,user840@example.com,2023-09-08 00:00:00
841,Иванова Виктория,user841@example.com,2024-02-16 00:00:00
842,Павлова Николай,user842@example.com,2024-07-06 00:00:00
843,Иванова Сергей,user843@example.com,2023-05-24 00:00:00
844,Морозова Алексей,user844@example.com,2023-08-28 00:00:00
845,Лебедев Виктория,user845@example.com,2024-08-14 00:00:00
846,Лебедев Юлия,user846@example.com,2023-08-31 00:00:00
847,Новиков Анна,user847@example.com,2024-11-07 00:00:00
848,Павлова Алексей,user848@example.com,2024-02-28 00:00:00
849,Соколов Анна,user849@example.com,2023-03-04 00:00:00
850,Смирнова Светлана,user850@example.com,2024-10-03 00:00:00
851,Богданова Марина,user851@example.com,2024-07-23 00:00:00
852,Иванова Ирина,user852@example.com,2023-12-19 00:00:00
853,Попов Павел,user853@example.com,2024-06-21 00:00:00
854,Богданова Михаил,user854@example.com,2024-02-23 00:00:00
855,Морозова Андрей,user855@example.com,2024-01-21 00:00:00
856,Орлова Ольга,user856@example.com,2023-09-04 00:00:00
857,Морозова Наталья,user857@example.com,2024-12-25 00:00:00
858,Кузнецов Андрей,user858@example.com,2023-03-01 00:00:00
859,Богданова Светлана,user859@example.com,2024-03-02 00:00:00
860,Новиков Светлана,user860@example.com,2024-02-02 00:00:00
861,Соколов Наталья,user861@example.com,2023-07-28 00:00:00
862,Сидоров Михаил,user862@example.com,2024-04-05 00:00:00
863,Сидоров Екатерина,user863@example.com,2024-07-02 00:00:00
864,Волков Виктория,user864@example.com,2023-02-22 00:00:00
865,Попов Иван,user865@example.com,2024-11-20 00:00:00
866,Иванова Юлия,user866@example.com,2023-03-16 00:00:00
867,Волков Сергей,user867@example.com,2024-05-05 00:00:00
868,Лебедев Сергей,user868@example.com,2023-11-07 00:00:00
869,Волков Александр,user869@example.com,2023-07-14 00:00:00
870,Козлова Виктория,user870@example.com,2024-05-05 00:00:00
871,Волков Наталья,user871@example.com,2024-02-11 00:00:00
872,Лебедев Наталья,user872@example.com,2023-10-17 00:00:00
873,Кузнецов Артём,user873@example.com,2024-06-30 00:00:00
874,Виноградова Павел,user874@example.com,2023-11-12 00:00:00
875,Виноградова Иван,user875@example.com,2024-06-09 00:00:00
876,Кузнецов Ирина,user876@example.com,2023-04-11 00:00:00
877,Орлова Виктория,user877@example.com,2023-11-24 00:00:00
878,Виноградова Сергей,user878@example.com,2023-11-17 00:00:00
879,Иванова Татьяна,user879@example.com,2024-07-30 00:00:00
880,Новиков Наталья,user880@example.com,2023-01-17 00:00:00
881,Богданова Иван,user881@example.com,2023-10-30 00:00:00
882,Волков Андрей,user882@example.com,2023-12-04 00:00:00
883,Попов Наталья,user883@example.com,2024-08-06 00:00:00
884,Орлова Наталья,user884@example.com,2024-07-17 00:00:00
885,Лебедев Павел,user885@example.com,2023-09-21 00:00:00
886,Орлова Ирина,user886@example.com,2024-04-16 00:00:00
887,Виноградова Ольга,user887@example.com,2023-06-23 00:00:00
888,Орлова Андрей,user888@example.com,2023-07-08 00:00:00
889,Иванова Светлана,user889@example.com,2024-06-20 00:00:00
890,Сидоров Мария,user890@example.com,2024-11-15 00:00:00
891,Петров Мария,user891@example.com,2024-02-27 00:00:00
892,Павлова Андрей,user892@example.com,2023-03-11 00:00:00
893,Новиков Роман,user893@example.com,2023-01-10 00:00:00
894,Кузнецов Сергей,user894@example.com,2024-01-18 00:00:00
895,Орлова Мария,user895@example.com,2024-11-06 00:00:00
896,Петров Ирина,user896@example.com,2023-01-07 00:00:00
897,Богданова Светлана,user897@example.com,2023-01-13 00:00:00
898,Соколов Александр,user898@example.com,2024-07-02 00:00:00
899,Петров Анна,user899@example.com,2024-05-29 00:00:00
900,Богданова Роман,user900@example.com,2023-07-03 00:00:00
901,Козлова Елена,user901@example.com,2024-06-20 00:00:00
902,Павлова Андрей,user902@example.com,2023-07-16 00:00:00
903,Соколов Юлия,user903@example.com,2023-12-29 00:00:00
904,Попов Иван,user904@example.com,2023-03-22 00:00:00
905,Попов Екатерина,user905@example.com,2024-04-15 00:00:00
906,Павлова Владимир,user906@example.com,2024-12-14 00:00:00
907,Морозова Наталья,user907@example.com,2024-12-01 00:00:00
908,Иванова Дмитрий,user908@example.com,2023-04-06 00:00:00
909,Попов Артём,user909@example.com,2024-01-22 00:00:00
910,Орлова Светлана,user910@example.com,2023-02-27 00:00:00
911,Петров Павел,user911@example.com,2024-12-20 00:00:00
912,Сидоров Ольга,user912@example.com,2024-05-26 00:00:00
913,Лебедев Татьяна,user913@example.com,2024-08-02 00:00:00
914,Иванова Елена,user914@example.com,2023-08-24 00:00:00
915,Орлова Сергей,user915@example.com,2023-10-05 00:00:00
916,Сидоров Мария,user916@example.com,2024-12-01 00:00:00
917,Иванова Иван,user917@example.com,2023-07-03 00:00:00
918,Петров Михаил,user918@example.com,2023-08-01 00:00:00
919,Новиков Владимир,user919@example.com,2024-12-30 00:00:00
920,Сидоров Артём,user920@example.com,2023-11-03 00:00:00
921,Павлова Ольга,user921@example.com,2024-08-03 00:00:00
922,Лебедев Артём,user922@example.com,2024-01-29 00:00:00
923,Новиков Виктория,user923@example.com,2024-12-06 00:00:00
924,Сидоров Виктория,user924@example.com,2024-05-27 00:00:00
925,Виноградова Виктория,user925@example.com,2023-02-24 00:00:00
926,Богданова Елена,user926@example.com,2023-08-26 00:00:00
927,Лебедев Дмитрий,user927@example.com,2024-09-11 00:00:00
928,Попов Юлия,user928@example.com,2023-12-01 00:00:00
929,Соколов Александр,user929@example.com,2024-04-06 00:00:00
930,Павлова Ирина,user930@example.com,2023-12-31 00:00:00
931,Попов Светлана,user931@example.com,2024-03-18 00:00:00
932,Попов Ольга,user932@example.com,2023-03-29 00:00:00
933,Морозова Юлия,user933@example.com,2023-09-10 00:00:00
934,Сидоров Роман,user934@example.com,2023-03-26 00:00:00
935,Новиков Иван,user935@example.com,2024-01-25 00:00:00
936,Новиков Роман,user936@example.com,2024-02-03 00:00:00
937,Виноградова Михаил,user937@example.com,2023-04-20 00:00:00
938,Петров Дмитрий,user938@example.com,2023-11-12 00:00:00
939,Виноградова Николай,user939@example.com,2023-10-04 00:00:00
940,Новиков Елена,user940@example.com,2023-03-31 00:00:00
941,Богданова Ольга,user941@example.com,2024-04-04 00:00:00
942,Богданова Светлана,user942@example.com,2023-04-16 00:00:00
943,Сидоров Александр,user943@example.com,2023-12-29 00:00:00
944,Сидоров Светлана,user944@example.com,2024-09-03 00:00:00
945,Лебедев Юлия,user945@example.com,2024-01-30 00:00:00
946,Морозова Александр,user946@example.com,2024-02-28 00:00:00
947,Сидоров Артём,user947@example.com,2024-07-26 00:00:00
948,Смирнова Наталья,user948@example.com,2024-12-02 00:00:00
949,Смирнова Артём,user949@example.com,2023-05-23 00:00:00
950,Морозова Иван,user950@example.com,2023-10-02 00:00:00
951,Новиков Ирина,user951@example.com,2023-03-06 00:00:00
952,Богданова Ольга,user952@example.com,2023-10-10 00:00:00
953,Морозова Татьяна,user953@example.com,2024-05-10 00:00:00
954,Виноградова Дмитрий,user954@example.com,2023-09-15 00:00:00
955,Орлова Наталья,user955@example.com,2024-08-31 00:00:00
956,Волков Юлия,user956@example.com,2024-04-13 00:00:00
957,Новиков Елена,user957@example.com,2023-11-08 00:00:00
958,Попов Александр,user958@example.com,2023-12-07 00:00:00
959,Попов Юлия,user959@example.com,2023-12-04 00:00:00
960,Лебедев Николай,user960@example.com,2024-03-16 00:00:00
961,Новиков Павел,user961@example.com,2023-11-04 00:00:00
962,Волков Михаил,user962@example.com,2024-05-05 00:00:00
963,Смирнова Михаил,user963@example.com,2024-02-12 00:00:00
964,Морозова Михаил,user964@example.com,2024-12-12 00:00:00
965,Орлова Павел,user965@example.com,2024-08-12 00:00:00
966,Лебедев Наталья,user966@example.com,2024-01-21 00:00:00
967,Попов Иван,user967@example.com,2024-01-09 00:00:00
968,Волков Елена,user968@example.com,2024-08-29 00:00:00
969,Смирнова Светлана,user969@example.com,2024-11-29 00:00:00
970,Петров Светлана,user970@example.com,2024-04-17 00:00:00
971,Волков Роман,user971@example.com,2024-03-24 00:00:00
972,Сидоров Анна,user972@example.com,2024-02-23 00:00:00
973,Орлова Марина,user973@example.com,2023-05-23 00:00:00
974,Морозова Павел,user974@example.com,2023-09-05 00:00:00
975,Новиков Иван,user975@example.com,2024-03-09 00:00:00
976,Сидоров Артём,user976@example.com,2024-04-04 00:00:00
977,Орлова Юлия,user977@example.com,2024-08-19 00:00:00
978,Богданова Артём,user978@example.com,2024-07-10 00:00:00
979,Виноградова Мария,user979@example.com,2024-12-19 00:00:00
980,Сидоров Светлана,user980@example.com,2023-04-22 00:00:00
981,Виноградова Наталья,user981@example.com,2023-06-20 00:00:00
982,Иванова Павел,user982@example.com,2024-07-30 00:00:00
983,Попов Павел,user983@example.com,2023-12-06 00:00:00
984,Козлова Татьяна,user984@example.com,2023-01-11 00:00:00
985,Соколов Елена,user985@example.com,2023-08-16 00:00:00
986,Павлова Алексей,user986@example.com,2024-04-01 00:00:00
987,Попов Екатерина,user987@example.com,2024-04-19 00:00:00
988,Новиков Марина,user988@example.com,2023-12-20 00:00:00
989,Орлова Александр,user989@example.com,2023-04-18 00:00:00
990,Богданова Анна,user990@example.com,2023-03-29 00:00:00
991,Новиков Елена,user991@example.com,2023-12-23 00:00:00
992,Лебедев Анна,user992@example.com,2024-04-11 00:00:00
993,Орлова Сергей,user993@example.com,2023-12-23 00:00:00
994,Козлова Ирина,user994@example.com,2024-03-24 00:00:00
995,Кузнецов Виктория,user995@example.com,2023-11-23 00:00:00
996,Морозова Дмитрий,user996@example.com,2023-02-15 00:00:00
997,Козлова Роман,user997@example.com,2023-01-24 00:00:00
998,Козлова Михаил,user998@example.com,2024-11-24 00:00:00
999,Павлова Ольга,user999@example.com,2024-06-12 00:00:00
1000,Смирнова Ольга,user1000@example.com,2023-12-05 00:00:00
